-- phpMyAdmin SQL Dump
-- version 4.7.1
-- https://www.phpmyadmin.net/
--
-- Host: ls-23121a88d4cbb089991485b0bec9f393441a0883.cx2su6ewedog.eu-west-2.rds.amazonaws.com
-- Generation Time: Jun 17, 2025 at 05:20 PM
-- Server version: 8.0.40
-- PHP Version: 7.0.33-0ubuntu0.16.04.16

SET SQL_MODE = "NO_AUTO_VALUE_ON_ZERO";
SET AUTOCOMMIT = 0;
START TRANSACTION;
SET time_zone = "+00:00";


/*!40101 SET @OLD_CHARACTER_SET_CLIENT=@@CHARACTER_SET_CLIENT */;
/*!40101 SET @OLD_CHARACTER_SET_RESULTS=@@CHARACTER_SET_RESULTS */;
/*!40101 SET @OLD_COLLATION_CONNECTION=@@COLLATION_CONNECTION */;
/*!40101 SET NAMES utf8mb4 */;

--
-- Database: `icep_db`
--

-- --------------------------------------------------------

--
-- Table structure for table `campus`
--

CREATE TABLE `campus` (
  `campus_id` varchar(10) COLLATE utf8mb4_general_ci NOT NULL,
  `campus_name` varchar(20) COLLATE utf8mb4_general_ci DEFAULT NULL,
  `open` bit(1) DEFAULT NULL
) ENGINE=InnoDB DEFAULT CHARSET=utf8mb4 COLLATE=utf8mb4_general_ci;

--
-- Dumping data for table `campus`
--

INSERT INTO `campus` (`campus_id`, `campus_name`, `open`) VALUES
('tut-ema', 'eMalahleni', b'1'),
('tut-plk', 'Polokwane', b'1'),
('tut-sosh', 'Soshanguve', b'1');

-- --------------------------------------------------------

--
-- Table structure for table `course`
--

CREATE TABLE `course` (
  `course_id` varchar(10) COLLATE utf8mb4_general_ci NOT NULL,
  `course_name` varchar(100) COLLATE utf8mb4_general_ci DEFAULT NULL,
  `open` bit(1) DEFAULT NULL
) ENGINE=InnoDB DEFAULT CHARSET=utf8mb4 COLLATE=utf8mb4_general_ci;

--
-- Dumping data for table `course`
--

INSERT INTO `course` (`course_id`, `course_name`, `open`) VALUES
('DPIF20', 'INFORMATICS', b'1'),
('DPIT20', 'INFORMATION TECHNOLOGY', b'1'),
('DPRS20', 'COMPUTER SCIENCE', b'1');

-- --------------------------------------------------------

--
-- Table structure for table `post`
--

CREATE TABLE `post` (
  `post_id` int NOT NULL,
  `postname` varchar(100) COLLATE utf8mb4_general_ci DEFAULT NULL,
  `open_date` date DEFAULT NULL,
  `closing_date` date DEFAULT NULL,
  `post_ref` varchar(255) COLLATE utf8mb4_general_ci DEFAULT NULL
) ENGINE=InnoDB DEFAULT CHARSET=utf8mb4 COLLATE=utf8mb4_general_ci;

--
-- Dumping data for table `post`
--

INSERT INTO `post` (`post_id`, `postname`, `open_date`, `closing_date`, `post_ref`) VALUES
(1, 'ICEP Internship 2025', '2025-06-06', '2025-06-20', '15053688-2f68-4b24-aaf6-46969f75dcef');

-- --------------------------------------------------------

--
-- Table structure for table `student`
--

CREATE TABLE `student` (
  `id` int NOT NULL,
  `student_id` varchar(10) COLLATE utf8mb4_general_ci NOT NULL,
  `firstname` varchar(50) COLLATE utf8mb4_general_ci DEFAULT NULL,
  `lastname` varchar(50) COLLATE utf8mb4_general_ci DEFAULT NULL,
  `email` varchar(50) COLLATE utf8mb4_general_ci DEFAULT NULL,
  `idno` varchar(15) COLLATE utf8mb4_general_ci DEFAULT NULL,
  `dob` date DEFAULT NULL,
  `phoneNo` varchar(13) COLLATE utf8mb4_general_ci DEFAULT NULL,
  `gender` varchar(10) COLLATE utf8mb4_general_ci DEFAULT NULL,
  `outstanding` bit(1) DEFAULT NULL,
  `houseNo` varchar(10) COLLATE utf8mb4_general_ci DEFAULT NULL,
  `streetName` varchar(50) COLLATE utf8mb4_general_ci DEFAULT NULL,
  `town` varchar(50) COLLATE utf8mb4_general_ci DEFAULT NULL,
  `code` varchar(5) COLLATE utf8mb4_general_ci DEFAULT NULL,
  `cv_file` varchar(200) COLLATE utf8mb4_general_ci DEFAULT NULL,
  `recommendation_file` varchar(200) COLLATE utf8mb4_general_ci DEFAULT NULL,
  `course_id` varchar(10) COLLATE utf8mb4_general_ci DEFAULT NULL,
  `campus_id` varchar(10) COLLATE utf8mb4_general_ci DEFAULT NULL,
  `status` varchar(20) COLLATE utf8mb4_general_ci NOT NULL,
  `post_id` int DEFAULT NULL,
  `date_created` datetime DEFAULT CURRENT_TIMESTAMP
) ENGINE=InnoDB DEFAULT CHARSET=utf8mb4 COLLATE=utf8mb4_general_ci;

--
-- Dumping data for table `student`
--

INSERT INTO `student` (`id`, `student_id`, `firstname`, `lastname`, `email`, `idno`, `dob`, `phoneNo`, `gender`, `outstanding`, `houseNo`, `streetName`, `town`, `code`, `cv_file`, `recommendation_file`, `course_id`, `campus_id`, `status`, `post_id`) VALUES
(7, '220505170', 'Matlhaga', 'Make', 'makematlhaga@gmail.com', '0103240157083', '2000-01-01', '0764399943', 'Female', b'1', '58', 'Moime', 'Lenyenye', '0857', 'https://s3.eu-west-1.amazonaws.com/www.icep.co.za/CVs/1748959776854empty_page.pdf', 'https://s3.eu-west-1.amazonaws.com/www.icep.co.za/CVs/1748959785998empty_page.pdf', 'DPIF20', 'tut-sosh', 'Pending', 1),
(8, '221477405', 'Ampfarisaho', 'Mudau', 'billyampfa@gmail.com', '0204255879080', '2002-04-25', '0611864172', 'Male', b'1', '2', 'Eric Todd Place', 'Pretoria West', '0183', 'https://s3.eu-west-1.amazonaws.com/www.icep.co.za/CVs/1748960346190Ampfarisaho%20Mudau%27s%20CV.pdf', 'https://s3.eu-west-1.amazonaws.com/www.icep.co.za/CVs/1748960370292Recommendation%20letters%20-%20signed-9.pdf', 'DPIF20', 'tut-sosh', 'Pending', 1),
(9, '223062938', 'Lethabo', 'Tlala', 'tlalallethabo@gmail.com', '0208010797081', '2002-08-01', '0717658936', 'Female', b'1', '346 ', 'Weir street', 'Pretoria Garden ', '0082', 'https://s3.eu-west-1.amazonaws.com/www.icep.co.za/CVs/1748960431466ilovepdf_merged.pdf', 'https://s3.eu-west-1.amazonaws.com/www.icep.co.za/CVs/1748960452900Tlala%2520WL%2520Recommendation%2520letters%2520-%2520signed-1.pdf', 'DPIF20', 'tut-sosh', 'Pending', 1),
(10, '223377860', 'Nomkhuleko', 'Kunene', 'nomkhulekocharity6@gmail.com', '0404161015080', '2004-04-16', '0608188868', 'Female', b'1', '291', 'Pretorius’s ', 'Pretoria', '0002', 'https://s3.eu-west-1.amazonaws.com/www.icep.co.za/CVs/1748960692398Nomkhuleko%20Kunene...pdf', 'https://s3.eu-west-1.amazonaws.com/www.icep.co.za/CVs/1748960693339Student%20recommendation%20letters%20-%20signed-5.pdf', 'DPIF20', 'tut-sosh', 'Pending', 1),
(11, '222425042', 'Thapelo', 'MATLEJOANE', 'matlejoanethapelo83@gmail.com', '0109095162096', '2001-09-09', '0799818000', 'Male', b'1', '17', 'Kome', 'Gamarishane ', '1064', 'https://s3.eu-west-1.amazonaws.com/www.icep.co.za/CVs/1748960672729Thapelo%20Matlejoane%20%281%29.pdf', 'https://s3.eu-west-1.amazonaws.com/www.icep.co.za/CVs/1748960599206THAPELO%20WIL%20generic%20recommendation%20letters%20-%20signed-3.pdf', 'DPIF20', 'tut-sosh', 'Pending', 1),
(12, '224397879', 'Christos', 'Mashele', '224397879@tut4life.ac.za', '0302245936083', '2003-02-24', '0813385218', 'Male', b'1', '7', 'Aubrey Matlakala st', 'Soshanguve', '0164', 'https://s3.eu-west-1.amazonaws.com/www.icep.co.za/CVs/1748960536057MASHELE_CM_RESUME.pdf', 'https://s3.eu-west-1.amazonaws.com/www.icep.co.za/CVs/1748960519746224397879%202.pdf', 'DPRS20', 'tut-sosh', 'Pending', 1),
(13, '221972309', 'Phatho', 'Mukwevho', 'mukwevhophatho@gmail.com', '0209020503089', '2002-09-02', '0649792877', 'Female', b'1', 'Corridor h', '3,9 Langa cres ', 'Witbank', '1034', 'https://s3.eu-west-1.amazonaws.com/www.icep.co.za/CVs/1748960774035Phatho_Mukwevho-compressed.pdf', 'https://s3.eu-west-1.amazonaws.com/www.icep.co.za/CVs/1748960773189Mukwevho%20P.pdf', 'DPRS20', 'tut-ema', 'Pending', 1),
(14, '222848040', 'Dineo', 'Selepe', 'dineoselepe58@gmail.com', '0306230141088', '2003-06-23', '0679491515', 'Female', b'1', '169', 'Block L', 'Soshanguve', '0152', 'https://s3.eu-west-1.amazonaws.com/www.icep.co.za/CVs/1748960866836CV%20-%20Dineo%20Selepe%202.pdf', 'https://s3.eu-west-1.amazonaws.com/www.icep.co.za/CVs/1748960871128Placement%20Letter.pdf', 'DPIF20', 'tut-sosh', 'Pending', 1),
(15, '230188149', 'Patience', 'Mulaudzi', 'patience.barbiana06@gmail.com', '0307060816088', '2003-07-06', '0691545899', 'Female', b'1', '', '17th avenue', 'Alexandra', '2090', 'https://s3.eu-west-1.amazonaws.com/www.icep.co.za/CVs/1748960978322Patience%20Mulaudzi%20CV.pdf', 'https://s3.eu-west-1.amazonaws.com/www.icep.co.za/CVs/1748960990704Patience%20Mulaudzi.pdf', 'DPRS20', 'tut-ema', 'Pending', 1),
(16, '222492866', 'Oratile', 'Prudence', 'prudenceoratile68@gmail.com', '0111160438086', '2001-11-16', '0661069487', 'Female', b'1', '25513', 'Tokologo street ', 'Mamelodi east ', '0122', 'https://s3.eu-west-1.amazonaws.com/www.icep.co.za/CVs/1748960868340Curriculum%20Vitae%20oratile.pdf', 'https://s3.eu-west-1.amazonaws.com/www.icep.co.za/CVs/1748960979605Students%20recommendation%20letters%20-%20signed-9.pdf', 'DPIF20', 'tut-sosh', 'Pending', 1),
(17, '230651540', 'Kutyla', 'Alfredo', 'kutylaalfredo62@gmail.com', '0000000000000', '2004-06-14', '0843412464', 'Male', b'1', '106', '361 Steve Biko', 'Arcadia ', '0083', 'https://s3.eu-west-1.amazonaws.com/www.icep.co.za/CVs/1748961063571Kutyla_Alfredo_CV.pdf', 'https://s3.eu-west-1.amazonaws.com/www.icep.co.za/CVs/1748961068072PreWIL%20recommendation%20letter%20-%20Alfredo.pdf', '', 'tut-sosh', 'Pending', 1),
(18, '231375082', 'Fatima', 'Badat', 'fatimabadat22@outlook.com', '0401220742084', '2004-01-22', '0678675441', 'Female', b'1', '156', 'Hendrina Street', 'Ridgeway ', '2191', 'https://s3.eu-west-1.amazonaws.com/www.icep.co.za/CVs/1748960924697CV%20and%20Docs.pdf', 'https://s3.eu-west-1.amazonaws.com/www.icep.co.za/CVs/1748961149512FI%20Badat.pdf', 'DPRS20', 'tut-ema', 'Pending', 1),
(19, '223851207', 'Xiluva', 'Mathebula', 'xiluvafaith633@gmail.com', '0310170311081', '2003-10-17', '0637275227', 'Female', b'1', '346', 'Weir st', 'Pretoria', '0082', 'https://s3.eu-west-1.amazonaws.com/www.icep.co.za/CVs/1748961146448Internship%20application%20.pdf', 'https://s3.eu-west-1.amazonaws.com/www.icep.co.za/CVs/1748961167493Placement%20letter.pdf', 'DPIF20', 'tut-sosh', 'Pending', 1),
(20, '222230748', 'Kgotso', 'Muremi', 'kgotsomuremi@gmail.com', '0205315363070', '2002-05-31', '0607514294', 'Male', b'1', '239', 'Aldo magano', 'Alexandra', '2090', 'https://s3.eu-west-1.amazonaws.com/www.icep.co.za/CVs/1748961144746MUREMI%20K.%20Resume..pdf', 'https://s3.eu-west-1.amazonaws.com/www.icep.co.za/CVs/1748961158805Muremi%20K%20Placement%20Letter.pdf', 'DPIF20', 'tut-sosh', 'Pending', 1),
(21, '223062270', 'Simphiwe', 'Sandleni', 'phiwesandleni@gmail.com', '0305070860088', '2003-05-07', '0725488898', 'Female', b'1', 'Block K', 'Aubrey Matlakala', 'Soshanguve ', '0152', 'https://s3.eu-west-1.amazonaws.com/www.icep.co.za/CVs/174896123473081586934-7498-4490-a022-ee258b89aa18_PDF.PDF', 'https://s3.eu-west-1.amazonaws.com/www.icep.co.za/CVs/1748961250354Student%20recommendation%20letters%20-%20signed-18%20%281%29_pdf.pdf', 'DPIF20', 'tut-sosh', 'Pending', 1),
(22, '224552947', 'Mahlodi', 'Thamaga', 'mahlodinicolethamaga@gmail.com', '0403140830080', '2004-03-14', '0632719717', 'Female', b'1', '21', 'Mokomene', 'Botlokwa ', '0812', 'https://s3.eu-west-1.amazonaws.com/www.icep.co.za/CVs/1748961035316CVofMNthamaga_compressed.pdf', 'https://s3.eu-west-1.amazonaws.com/www.icep.co.za/CVs/1748961076551Placement%20letter%20.pdf', 'DPIF20', 'tut-sosh', 'Pending', 1),
(23, '223578055', 'Nsuku', 'Maluleke', 'nsukushrewdness@gmail.com', '0308230290089', '2003-08-23', '0680939772', 'Female', b'1', '15', 'Langa Cresent ', 'Witbank ', '1035', 'https://s3.eu-west-1.amazonaws.com/www.icep.co.za/CVs/1748961151748CV%20FOR%20NS%20MALULEKE.pdf', 'https://s3.eu-west-1.amazonaws.com/www.icep.co.za/CVs/1748961177928WIL%20Letter%20For%20Maluleke%20NS%20%20%281%29.pdf', 'DPRS20', 'tut-ema', 'Pending', 1),
(24, '220511286', 'Matome', 'Maake', 'matome.dimza28@gmail.com', '0103215189087', '2001-03-21', '0731026522', 'Male', b'1', '2', 'Aubrey matlakala', 'Soshanguve', '0152', 'https://s3.eu-west-1.amazonaws.com/www.icep.co.za/CVs/1748961207255ilovepdf_merged.pdf', 'https://s3.eu-west-1.amazonaws.com/www.icep.co.za/CVs/1748961250205Recommendation%20letters%20-%20signed-1%20%282%29.pdf', 'DPIF20', 'tut-sosh', 'Pending', 1),
(25, '213056697', 'Mokebe', 'SEFOLOSHE', 'tetelomokebesefoloshe@gmail.com', '9309230642080', '1993-09-23', '0781421019', 'Female', b'1', '10691', 'Kolobe street', 'Daveyton', '1520', 'https://s3.eu-west-1.amazonaws.com/www.icep.co.za/CVs/1748961197212MT%20SefolosheCV.pdf', 'https://s3.eu-west-1.amazonaws.com/www.icep.co.za/CVs/1748961237075MT%20SEFOLOSHE%20WIL%20LETTER.pdf', 'DPRS20', 'tut-ema', 'Pending', 1),
(26, '231279377', 'Uviwe', 'Sotyato', 'ayabongasotyato888@gmail.com', '0503206200084', '2005-03-20', '0687948366', 'Male', b'1', '13', 'Qwweqwe', 'Mthatha', '5099', 'https://s3.eu-west-1.amazonaws.com/www.icep.co.za/CVs/1748961284455UVIWE%20SOTYATO%20CV.pdf', 'https://s3.eu-west-1.amazonaws.com/www.icep.co.za/CVs/1748961317771Letter.pdf', 'DPRS20', 'tut-ema', 'Pending', 1),
(27, '221568710', 'Thapelo', 'Mokoa', '221568710@tut4life.ac.za', '0112075056088', '2000-01-01', '0791409847', 'Male', b'1', '831', 'soshanguve pine street', 'Pretoria', '0152', 'https://s3.eu-west-1.amazonaws.com/www.icep.co.za/CVs/1748960901831Thapelo%20Mokoa%20CV%20%281%29.pdf', 'https://s3.eu-west-1.amazonaws.com/www.icep.co.za/CVs/1748961394771Thapelo%20Mokoa%28WIL%29%20Application%20Letter.pdf', 'DPRS20', 'tut-sosh', 'Pending', 1),
(28, '223669883', 'Phiwe', 'Mzizi', 'phiwemzizi89@gmail.com', '0207070568085', '2002-07-07', '0713304862', 'Female', b'1', '874', 'REFENTSE STREET', 'PRETORIA', '1556', 'https://s3.eu-west-1.amazonaws.com/www.icep.co.za/CVs/1748961539603CV%20%282%29.pdf', 'https://s3.eu-west-1.amazonaws.com/www.icep.co.za/CVs/1748961555244WIL%20Letter.pdf', 'DPIF20', 'tut-sosh', 'Pending', 1),
(29, '224555865', 'Alwande', 'Nhlapho', 'jayastro10@gmail.com', '0309115445087', '2003-09-11', '0783322419', 'Male', b'1', 'Stand no 2', 'S\'betha Moya', 'Mkhondo', '2380', 'https://s3.eu-west-1.amazonaws.com/www.icep.co.za/CVs/1748961569073ALWANDE_NHLAPHO_CV.pdf', 'https://s3.eu-west-1.amazonaws.com/www.icep.co.za/CVs/1748961573199WIL_LETTER.pdf', 'DPRS20', 'tut-ema', 'Pending', 1),
(30, '222837294', 'Kamogelo', 'Mokoena', '222837294@tut4life.ac.za', '0210070686089', '2002-10-07', '0693133650', 'Female', b'1', '1109', 'Hawk', 'Palm Springs ', '1984', 'https://s3.eu-west-1.amazonaws.com/www.icep.co.za/CVs/1748961742153K%20Mokoena_CV%20-3.pdf', 'https://s3.eu-west-1.amazonaws.com/www.icep.co.za/CVs/1748961763846222837294.pdf', 'DPRS20', 'tut-sosh', 'Pending', 1),
(31, '221526848', 'Boitumelo', 'Machimane', '221526848@tut4life.ac.za', '0107190296080', '2001-07-19', '0713460191', 'Female', b'1', 'A0537 ', 'Mokerong ', 'HOEDSPRUIT', '1380', 'https://s3.eu-west-1.amazonaws.com/www.icep.co.za/CVs/1748961803815myCv.pdf', 'https://s3.eu-west-1.amazonaws.com/www.icep.co.za/CVs/1748961861068Machimane%20Boitumelo%20Brilliant.pdf', 'DPRS20', 'tut-ema', 'Pending', 1),
(32, '224053800', 'Talutshedzo', 'Ndou', 'ndout93@gmail.com', '0311126117085', '2003-11-12', '0606764230', 'Male', b'1', '5648 ', 'Parks mankahlana ', 'Diepsloot ', '2189', 'https://s3.eu-west-1.amazonaws.com/www.icep.co.za/CVs/1748961941718Ndou.T.Resume.pdf', 'https://s3.eu-west-1.amazonaws.com/www.icep.co.za/CVs/1748961961840Ndou%20T%20Recommendation%20letter%20.pdf', 'DPIF20', 'tut-sosh', 'Pending', 1),
(33, '223301240', 'sibekezelo', 'Mnguni', '223301240@tut4life.ac.za', '0112285692086', '2001-12-28', '073 812 2677', 'Male', b'1', 'E 308, cor', '3, 9 Langa Cres, Zeekoewater 311-Js', 'emalahleni ', '1035', 'https://s3.eu-west-1.amazonaws.com/www.icep.co.za/CVs/1748961814473SbekezeloResume.pdf', 'https://s3.eu-west-1.amazonaws.com/www.icep.co.za/CVs/1748961803533Letter.pdf', 'DPRS20', 'tut-ema', 'Pending', 1),
(34, '224702663', 'NOMFUNDO', 'NYANDENI', '224702663@tut4life.ac.za', '0310110728089', '2003-10-11', '0603189217', 'Female', b'1', '346', 'Weir Street ', 'Pretoria West', '0082', 'https://s3.eu-west-1.amazonaws.com/www.icep.co.za/CVs/1748961807110Nomfundo%20Nyandeni%20_Resume.pdf', 'https://s3.eu-west-1.amazonaws.com/www.icep.co.za/CVs/1748961820575Students%20recommendation%20letters%20-%20signed-11.pdf', 'DPIF20', 'tut-sosh', 'Pending', 1),
(35, '223671055', 'BONOLO', 'MORE', '223671055@tut4life.ac.za', '0112120570083', '2001-12-12', '0715380355', 'Female', b'1', '8013 Block', 'Olova street', 'Soshanguve', '0152', 'https://s3.eu-west-1.amazonaws.com/www.icep.co.za/CVs/1748962051577Bonolo%20More_CV.pdf', 'https://s3.eu-west-1.amazonaws.com/www.icep.co.za/CVs/1748962059620Students%20recommendation%20letters%20-%20signed-8.pdf', 'DPIF20', 'tut-sosh', 'Pending', 1),
(36, '224056958', 'Michael', 'Sibanyoni', 'marktsale4619@gmail.com', '0302156272080', '2003-02-15', '0795384619', 'Male', b'1', '700 steve ', 'Steve biko road', 'Pretoria(Gezina)', '0018', 'https://s3.eu-west-1.amazonaws.com/www.icep.co.za/CVs/1748961901669Michael%20CV.pdf', 'https://s3.eu-west-1.amazonaws.com/www.icep.co.za/CVs/1748961959429WIL%20LETTER.pdf', 'DPIT20', 'tut-sosh', 'Pending', 1),
(37, '220778169', 'Innocent', 'Mabasa', 'inocentsipho@gmail.com', '0001035466083', '2000-01-03', '0774800891', 'Male', b'1', '782', 'Soshanguve -M', 'city of tshwane', '0152', 'https://s3.eu-west-1.amazonaws.com/www.icep.co.za/CVs/1748962224528CV.pdf', 'https://s3.eu-west-1.amazonaws.com/www.icep.co.za/CVs/1748962231131WIL%20letter.pdf', 'DPRS20', 'tut-sosh', 'Pending', 1),
(38, '220674479', 'Charmaine', 'Mahloromela', '220674479@tut4life.ac.za', '0202050556085', '2002-02-05', '0761487836', 'Female', b'1', '40a', 'Thabo mbheki ', 'Polokwane', '0699', 'https://s3.eu-west-1.amazonaws.com/www.icep.co.za/CVs/1748962238604Charmaine%20CV%202.pdf', 'https://s3.eu-west-1.amazonaws.com/www.icep.co.za/CVs/1748962260005letter%20for%20inustry%20exposure.pdf', 'DPRS20', 'tut-plk', 'Pending', 1),
(39, '222717841', 'Ronewa', 'Nthabeni', 'nthabenironewa@gmail.com', '0110031229088', '2001-10-03', '0606376916', 'Female', b'1', '56', 'Lunungwi', 'Thohoyandou', '0977', 'https://s3.eu-west-1.amazonaws.com/www.icep.co.za/CVs/1748962280792Nthabeni%20Ronewa%20CV.pdf', 'https://s3.eu-west-1.amazonaws.com/www.icep.co.za/CVs/1748962292435WIL%20Letter.pdf', 'DPRS20', 'tut-plk', 'Pending', 1),
(40, '220074234', 'Ndzalo', 'Marhebula', '220074234@tut4life.ac.za', '0103165613086', '2001-03-16', '0815912614', 'Male', b'1', '', 'Strong Street ', 'Soshanguve-vv ', '0152', 'https://s3.eu-west-1.amazonaws.com/www.icep.co.za/CVs/1748962199590Ndzalo%20CV.pdf', 'https://s3.eu-west-1.amazonaws.com/www.icep.co.za/CVs/1748962212651Wil.pdf', 'DPRS20', 'tut-sosh', 'Pending', 1),
(41, '223794068', 'Keabetswe', 'Anta', '223794068@tut4life.ac.za', '0406110239083', '2004-06-11', '0822645553', 'Female', b'1', '422 Block ', 'Louviery ', 'Soshanguve ', '0152', 'https://s3.eu-west-1.amazonaws.com/www.icep.co.za/CVs/1748962492390CURRICULUM%20KEA.pdf', 'https://s3.eu-west-1.amazonaws.com/www.icep.co.za/CVs/1748962502849Keabetswe%20Charmaine%20Anta.pdf', 'DPRS20', 'tut-ema', 'Pending', 1),
(42, '223558453', 'Delicious', 'Hlungwani', 'delicioushlungwani@gmail.com', '0305131262084', '2003-05-13', '0648445051', 'Female', b'1', '7729', 'Mhiri ', 'Pretoria ', '0183', 'https://s3.eu-west-1.amazonaws.com/www.icep.co.za/CVs/1748962509314Resume.pdf', 'https://s3.eu-west-1.amazonaws.com/www.icep.co.za/CVs/1748962549282DH%20Hlungwani%20Students%20generic%20recommendations%20letters%20-%20signed-11.pdf', '', '', 'Pending', 1),
(43, '221340540', 'Sifiso', 'Mazibuko', 'sifisom380@gmail.com', '0208086212080', '0000-00-00', '0624926546', 'Male', b'1', '291', 'General beyers street', 'Pretoria North', '0116', 'https://s3.eu-west-1.amazonaws.com/www.icep.co.za/CVs/1748962818546Sifiso%20Mazibuko_CV.pdf', 'https://s3.eu-west-1.amazonaws.com/www.icep.co.za/CVs/1748962835262sifi.pdf', 'DPRS20', 'tut-sosh', 'Pending', 1),
(44, '220391060', 'Thembi', 'Ndwandwe', '220391060@tut4life.ac.za', '9604261337083', '1996-04-26', '0796613886', 'Female', b'1', '2501', 'Motau', 'Middelburg ', '1050', 'https://s3.eu-west-1.amazonaws.com/www.icep.co.za/CVs/1748962360552Thembi%20resume%20.pdf', 'https://s3.eu-west-1.amazonaws.com/www.icep.co.za/CVs/1748962731728Ndwandwe%20TK%20Recommendation%20letters%20-%20signed-18.pdf', 'DPIF20', 'tut-sosh', 'Pending', 1),
(45, '224653867', 'Pfarelo', 'Mudau', 'pfarelomudau018@gmail.com', '0307185377081', '2003-07-18', '0639942076', 'Male', b'1', '395', 'Siyabonga crescent ', 'Thinasonke ', '1426', 'https://s3.eu-west-1.amazonaws.com/www.icep.co.za/CVs/1748962920477Neo_Mudau_Master_CV.pdf', 'https://s3.eu-west-1.amazonaws.com/www.icep.co.za/CVs/1748962976102WIL-Letter%20224653867%20Mudau.pdf', 'DPRS20', 'tut-ema', 'Pending', 1),
(46, '221180305', 'Tankiso', 'Mofokeng', 'tankisomofokeng72@gmail.com', '0002235095086', '2000-02-23', '0783418594', 'Male', b'1', '782', 'Stand', 'Pretoria', '0152', 'https://s3.eu-west-1.amazonaws.com/www.icep.co.za/CVs/1748962994168Tankiso%20Mofokeng%20CV.pdf', 'https://s3.eu-west-1.amazonaws.com/www.icep.co.za/CVs/1748963010537WIL%20Letterr.pdf', 'DPRS20', 'tut-sosh', 'Pending', 1),
(47, '222383714', 'Lindokuhle', 'zulu', '222383714@tut4life.ac.za', '0101021097080', '2001-01-02', '0769319963', 'Female', b'1', '54', '11 STURDEE AVENUE', 'EMALAHLENI WITBANK', '1035', 'https://s3.eu-west-1.amazonaws.com/www.icep.co.za/CVs/1748963008035Lindokuhle_Precious_Zulu_CV.pdf', 'https://s3.eu-west-1.amazonaws.com/www.icep.co.za/CVs/1748963059322WIL%20LETTER.pdf', 'DPRS20', 'tut-ema', 'Pending', 1),
(48, '230172234', 'Anele', 'Basopu', 'anelebasopu@gmail.com', '9005095960084', '1990-05-09', '0835978556', 'Male', b'1', '1658', 'Mcubakazi', 'Butterworth', '4960', 'https://s3.eu-west-1.amazonaws.com/www.icep.co.za/CVs/1748963169683Basopu_A-CV.pdf', 'https://s3.eu-west-1.amazonaws.com/www.icep.co.za/CVs/1748963221768Basopu%20Anele-1.pdf', 'DPRS20', 'tut-ema', 'Pending', 1),
(49, '222884667', 'Amahle', 'Simelane', 'mpembesimelane.06@gmail.com', '0203066058082', '2002-03-06', '0733742337', 'Male', b'1', '07', 'Aubrey Matlala Road', 'Soshanguve ', '0152', 'https://s3.eu-west-1.amazonaws.com/www.icep.co.za/CVs/1748963294543Mr%20AA%20Simelane%20CV%202.pdf', 'https://s3.eu-west-1.amazonaws.com/www.icep.co.za/CVs/1748963306112AA%20SIMELANE%20WIL%20LETTER.pdf', 'DPIT20', 'tut-sosh', 'Pending', 1),
(50, '223000851', 'Christina', 'Kamanga', 'Thandekilekamanga44@gmail.com', '0302080981087', '2003-02-08', '0781439777', 'Female', b'1', '9403', 'ELBE STREET', 'ALBERTON', '1450', 'https://s3.eu-west-1.amazonaws.com/www.icep.co.za/CVs/1748963570667Christina%27s%20CV.pdf', 'https://s3.eu-west-1.amazonaws.com/www.icep.co.za/CVs/1748963607263CT%20KAMANGA%20WIL%20LETTER-16042025085237.pdf', 'DPIT20', 'tut-sosh', 'Pending', 1),
(51, '222818753', 'Philasande', 'Nkosi', 'philasandenkosi8@gmail.com', '9902146132087', '1999-02-14', '0782913680', 'Male', b'1', '', '35 grace STREET', 'Johannesburg', '2094', 'https://s3.eu-west-1.amazonaws.com/www.icep.co.za/CVs/1748963521467Philasande_cv.pdf', 'https://s3.eu-west-1.amazonaws.com/www.icep.co.za/CVs/1748963065854Nkosi%20Philasande%20Valentine.pdf', 'DPRS20', 'tut-ema', 'Pending', 1),
(52, '224063431', 'Siyabonga', 'Mbuli', 'syabongambuli7@gmail.com', '0307125239086', '2003-07-12', '0727771741', 'Male', b'1', '322', 'Kuluse Street ', 'Katlehong, Gauteng', '1431', 'https://s3.eu-west-1.amazonaws.com/www.icep.co.za/CVs/1748963714461SiyabongaMbuli_CV.pdf', 'https://s3.eu-west-1.amazonaws.com/www.icep.co.za/CVs/1748963621533S%20Mbuli.pdf', 'DPRS20', 'tut-ema', 'Pending', 1),
(53, '223959806', 'Lindani', 'Mayisela', '223959806@tut4life.ac.za', '0202266339086', '2002-02-26', '0664208613', 'Male', b'1', '4383', 'Belgrade ', 'Pongola ', '3170', 'https://s3.eu-west-1.amazonaws.com/www.icep.co.za/CVs/1748963725703Mayisela%20Lindani_CV%20%281%29.pdf', 'https://s3.eu-west-1.amazonaws.com/www.icep.co.za/CVs/1748963316954WIL%20Letter%20Mayisela%20L.pdf', 'DPRS20', 'tut-ema', 'Pending', 1),
(54, '223114881', 'Zakhele', 'Nzimande', '223114881@tut4life.ac.za', '0008195902088', '2000-08-19', '0637133522', 'Male', b'1', '487', 'New Ermelo', 'Ermelo ', '2351', 'https://s3.eu-west-1.amazonaws.com/www.icep.co.za/CVs/1748963771386ZE%20Nzimande%20%281%29.pdf', 'https://s3.eu-west-1.amazonaws.com/www.icep.co.za/CVs/1748963901553ZE%20Nzimande%20%282%29.pdf', 'DPRS20', 'tut-ema', 'Pending', 1),
(55, '231095900', 'Thapelo', 'Mohaleamlla', 'thapelomohal002@gmail.com', '0301185101088', '2003-01-18', '0682800301', 'Male', b'1', '681', 'Kruger park street', 'maokeng', '1632', 'https://s3.eu-west-1.amazonaws.com/www.icep.co.za/CVs/1748964575436Thapelo%20Mohaleamala%20%20BA%20CV.pdf', 'https://s3.eu-west-1.amazonaws.com/www.icep.co.za/CVs/1748964609970Students%20recommendation%20letters%20-%20signed-18.pdf', 'DPIF20', 'tut-sosh', 'Pending', 1),
(56, '224573936', 'Clodia', 'Nkuna', 'kingcnkuna@gmail.com', '0405135662089', '2004-05-13', '0783856355', 'Male', b'1', '348', 'Weir ', 'Pretoria Gardens ', '0083', 'https://s3.eu-west-1.amazonaws.com/www.icep.co.za/CVs/1748964587715Clodia%20Nkuna%20CV.pdf', 'https://s3.eu-west-1.amazonaws.com/www.icep.co.za/CVs/1748964718131Students%20recommendation%20letters%20-%20signed-2.pdf', 'DPIF20', 'tut-sosh', 'Pending', 1),
(57, '224559895', 'Mahlatsi', 'Mpilo', '224559895@tut4life.ac.za', '0302105539084', '2003-02-10', '0655821765', 'Male', b'1', 'TUT Soshan', 'Aubrey Matlala', 'Soshanguve', '0152', 'https://s3.eu-west-1.amazonaws.com/www.icep.co.za/CVs/1748964737519Mpilo%20ML%20Resume.pdf', 'https://s3.eu-west-1.amazonaws.com/www.icep.co.za/CVs/1748964763190Mpilo%20ML%20Recommendation%20letters%20-%20signed-14.pdf', 'DPIF20', 'tut-sosh', 'Pending', 1),
(58, '222523125', 'Njabulo', 'Sibeko', '222523125@tut4life.ac.za', '0209265919081', '2002-09-26', '0633640081', 'Male', b'1', 'Ext 9', 'EKUThuleni street', 'Tsakane', '12896', 'https://s3.eu-west-1.amazonaws.com/www.icep.co.za/CVs/1748965162595Curriculum%20Vitae%20%20%282%29.pdf', 'https://s3.eu-west-1.amazonaws.com/www.icep.co.za/CVs/1748964797322Students%20recommendation%20letters%20-%20signed-8.pdf', 'DPIF20', 'tut-sosh', 'Pending', 1),
(59, '222848334', 'Vincent', 'Tlale', 'vincenttlale34@gmail.com', '0204145558084', '2002-04-14', '0788140061', 'Male', b'1', '519', '3rd Ave', 'Hebron', '0193', 'https://s3.eu-west-1.amazonaws.com/www.icep.co.za/CVs/1748965036218VB%20TLALE%20CV%20.pdf', 'https://s3.eu-west-1.amazonaws.com/www.icep.co.za/CVs/1748965405445Tlale%20VB%20Student%20recommendation%20letters%20-%20signed-1.pdf', 'DPIF20', 'tut-sosh', 'Pending', 1),
(60, '222808898', 'Gomotsegang', 'Ngobeni', 'ngobenigomotsegang@gmail.com', '0304100619085', '2003-04-10', '0760197097', 'Female', b'1', '27', 'Troye Street Sunnyside', 'Pretoria', '0002', 'https://s3.eu-west-1.amazonaws.com/www.icep.co.za/CVs/1748965447952GOMOTSEGANG%20NGOBENI.SUN%20REAL.pdf', 'https://s3.eu-west-1.amazonaws.com/www.icep.co.za/CVs/1748965466654Student%20recommendation%20letters%20-%20signed-4.pdf', 'DPIF20', 'tut-sosh', 'Pending', 1),
(61, '223456839', 'PEACE', 'MATHEBULA', '223456839@tut4life.ac.za', '0401066194085', '2004-01-06', '0640160611', 'Male', b'1', '', 'BLOCK K, AUBREY MATLAKALA ST', 'Pretoria', '0152', 'https://s3.eu-west-1.amazonaws.com/www.icep.co.za/CVs/1748965128078Peaace%20CV.pdf', 'https://s3.eu-west-1.amazonaws.com/www.icep.co.za/CVs/1748965163418Cover-letter394782.pdf', 'DPRS20', 'tut-sosh', 'Pending', 1),
(62, '221029003', 'Ayanda', 'Thabede', 'ayandathabede9@gmail.com', '0207270836084', '2002-07-27', '0838110211', 'Female', b'1', '346', 'Weir street', 'Pretoria gardens', '0082', 'https://s3.eu-west-1.amazonaws.com/www.icep.co.za/CVs/1748965662116Ayanda%27%20Thabedes%20CV%202025.pdf', 'https://s3.eu-west-1.amazonaws.com/www.icep.co.za/CVs/1748965679574WOC316D%20WIL%20Letter%20Recommendation%20Letter%20A%20Thabede%20-%20signed.pdf', 'DPRS20', 'tut-sosh', 'Pending', 1),
(63, '220279626', 'Filicia', 'Ngobeni', '220279626@tut4life.ac.za', '0206300450080', '2002-06-30', '0635194445', 'Female', b'1', '2749', 'aubrey matlakala st', 'Soshanguve - Block L', '0152', 'https://s3.eu-west-1.amazonaws.com/www.icep.co.za/CVs/1748965587646Updated%20Filicia_Ngobeni_CV.pdf', 'https://s3.eu-west-1.amazonaws.com/www.icep.co.za/CVs/1748965602618F%20Ngobeni%20Recommendation_Letter_Generic%20-%20signed.pdf', 'DPIF20', 'tut-sosh', 'Pending', 1),
(64, '223494200', 'Minenhle', 'Hadebe', '223494200@tut4life.ac.za', '0407090618080', '2004-07-09', '0790282853', 'Female', b'1', '1326', 'Fairbreeze Farm', 'Dannhauser', '3080', 'https://s3.eu-west-1.amazonaws.com/www.icep.co.za/CVs/1748965715613myCv%20.pdf', 'https://s3.eu-west-1.amazonaws.com/www.icep.co.za/CVs/1748965650927Hadebe%20M.pdf', 'DPRS20', 'tut-ema', 'Pending', 1),
(65, '220845257', 'NANDIPHA', 'HLOPHE', 'nandiphawhite3@gmail.com', '0107030719085', '2001-07-03', '0711289902', 'Female', b'1', '39 kings a', 'Windsor West', 'Randburg ', '2198', 'https://s3.eu-west-1.amazonaws.com/www.icep.co.za/CVs/1748966018125CV%20Nandipha%20Hlophe.pdf', 'https://s3.eu-west-1.amazonaws.com/www.icep.co.za/CVs/1748966029268Nandipha%20Mongezi%20Hlophe%202.pdf', '', 'tut-ema', 'Pending', 1),
(66, '222209633', 'Mduduzi', 'Nyalungu', 'nyalungumduduzi2002@gmail.com', '0204295424087', '2002-04-29', '0750227696', 'Male', b'1', '5310/32', 'Hlalanikahle ext3', 'Emalahleni', '1039', 'https://s3.eu-west-1.amazonaws.com/www.icep.co.za/CVs/1748966039642Mduduzi%20Nyalungu.pdf', 'https://s3.eu-west-1.amazonaws.com/www.icep.co.za/CVs/1748966083203M%20NYALUNGU.pdf', 'DPRS20', 'tut-ema', 'Pending', 1),
(67, '222857546', 'Masemola', 'Sefara', 'masemolasalome@icloud.com', '0106240687082', '2001-06-24', '0764739372', 'Female', b'1', '6870 ', 'Rekgonne ', 'Soshanguve ', '0002', 'https://s3.eu-west-1.amazonaws.com/www.icep.co.za/CVs/1748966126817SEFARA%20MS%20CV.pdf', 'https://s3.eu-west-1.amazonaws.com/www.icep.co.za/CVs/1748966127346MS%20SEFARA%20Docs.pdf', 'DPIF20', 'tut-sosh', 'Pending', 1),
(68, '223691226', 'Mahlodi', 'Malatji', '223691226@tut4life.ac.za', '0312060536082', '2003-06-12', '0659258037', 'Female', b'1', '5284', 'Nobody', 'Polokwane', '0734', 'https://s3.eu-west-1.amazonaws.com/www.icep.co.za/CVs/1748966291757Mahlodi_CV_template.pdf', 'https://s3.eu-west-1.amazonaws.com/www.icep.co.za/CVs/1748965052747WIL%20letter.pdf', 'DPRS20', 'tut-sosh', 'Pending', 1),
(69, '222417961', 'DELLA', 'RAOLANE', 'dellabrentraolane@gmail.com', '0205045957086', '2002-05-04', '0710000541', 'Male', b'1', '1068', 'STAND', 'GIYANI', '0834', 'https://s3.eu-west-1.amazonaws.com/www.icep.co.za/CVs/1748966957048Raolane_DB_softwaredeveloper.pdf', 'https://s3.eu-west-1.amazonaws.com/www.icep.co.za/CVs/1748966974221WIL_LETTER.pdf', 'DPRS20', 'tut-sosh', 'Pending', 1),
(70, '221519493', 'Khotso', 'Thokwane', 'khutsolethau@gmail.com', '0101265511085', '2001-02-01', '0726051073', 'Male', b'1', '20278', 'Rethabile street', 'Groblersdal', '1059', 'https://s3.eu-west-1.amazonaws.com/www.icep.co.za/CVs/1748966903095Khotso%20Lethau%20Thokwane.pdf', 'https://s3.eu-west-1.amazonaws.com/www.icep.co.za/CVs/1748966978773Khotso%20Lethau.pdf', 'DPRS20', 'tut-ema', 'Pending', 1),
(71, '224159900', 'Zandiswa', 'Mpungose', 'zandiswampungose26@gmail.com', '0101265882080', '2000-01-01', '0738132286', 'Male', b'1', '600', 'Goodhome', 'Estcourt', '3310', 'https://s3.eu-west-1.amazonaws.com/www.icep.co.za/CVs/1748967120541Zandiswa_Mpungose%20CV.pdf', 'https://s3.eu-west-1.amazonaws.com/www.icep.co.za/CVs/1748967130543Z%20MPUNGOSE%20WIL%20LETTER.pdf', 'DPIT20', 'tut-sosh', 'Pending', 1),
(72, '222044600', 'Tshegofatso', 'Ledwaba', 'tshegofatsovalencia146@gmail.com', '0210160886086', '2002-10-16', '0670706101', 'Female', b'1', '700', 'StevebikoRoad', 'Gezina', '0084', 'https://s3.eu-west-1.amazonaws.com/www.icep.co.za/CVs/1748967040409Tshegofatso_Ledwaba_Resume%20%281%29.pdf', 'https://s3.eu-west-1.amazonaws.com/www.icep.co.za/CVs/1748967017634WIL%20LETTER.pdf', 'DPRS20', 'tut-sosh', 'Pending', 1),
(73, '221387961', 'Lindiwe', 'Masombuka', 'lindiwemasombuka18@gmail.com', '0207180460082', '2002-07-18', '0826474207', 'Female', b'1', '123', 'Vaalbank Farm', 'Bronkhorstspruit', '1020', 'https://s3.eu-west-1.amazonaws.com/www.icep.co.za/CVs/1748967330285Lindiwe%20Masombuka_CV.pdf', 'https://s3.eu-west-1.amazonaws.com/www.icep.co.za/CVs/1748967365319Lindiwe%20Masombuka.pdf', 'DPRS20', 'tut-ema', 'Pending', 1),
(74, '222197457', 'Maria', 'Kutumela', 'Koketsorea39@gmail.com', '0306061171089', '2003-06-06', '0647870758', 'Female', b'1', '1983', 'HLOHLORA STREET', 'soshanguve', '0152', 'https://s3.eu-west-1.amazonaws.com/www.icep.co.za/CVs/1748967300195Kutumela%20MK%20cv_.pdf', 'https://s3.eu-west-1.amazonaws.com/www.icep.co.za/CVs/1748967303984Student%20recommendation%20letter-.pdf', 'DPIF20', 'tut-sosh', 'Pending', 1),
(75, '231502777', 'ngalamulume', 'jeff', 'jeffersonnkongolo@gmail.com', '0026211023111', '2003-09-24', '0635388504', 'Male', b'1', '330', 'beckett street', 'Pretoria', '0132', 'https://s3.eu-west-1.amazonaws.com/www.icep.co.za/CVs/1748967565600cv2.pdf', 'https://s3.eu-west-1.amazonaws.com/www.icep.co.za/CVs/1748967585351NJ%20NGALAMULUME%20WIL%20LETTER.pdf', 'DPIT20', 'tut-sosh', 'Pending', 1),
(76, '224297556', 'Vuyani', 'Mbatha', '224297556@tut4life.ac.za', '0405165393084', '2004-05-16', '0724351617', 'Male', b'1', '5021', 'Malibongwe', 'Soshanguve ', '0152', 'https://s3.eu-west-1.amazonaws.com/www.icep.co.za/CVs/1748967756422DOC-20250603-WA0003..pdf', 'https://s3.eu-west-1.amazonaws.com/www.icep.co.za/CVs/1748967953371web.ws25pkg%20%2816%29.pdf', 'DPIF20', 'tut-sosh', 'Pending', 1),
(77, '224095767', 'Ompfa', 'MALISHA', '224095767@tut4life.ac.za', '0304215649084', '2003-04-21', '0671749518', 'Male', b'1', '1118', 'RIVONIA STREET', 'TEMBISA', '1632', 'https://s3.eu-west-1.amazonaws.com/www.icep.co.za/CVs/1748968164004CV%20%20of%20OM%20malisha_035607.pdf', 'https://s3.eu-west-1.amazonaws.com/www.icep.co.za/CVs/1748968168603O%20MALISHA%20WIL%20LETTER.pdf', 'DPIT20', 'tut-sosh', 'Pending', 1),
(78, '230161020', 'Siyabonga', 'Mathonsi', 'siyabongamathonsi7@gmail.com', '0310056198081', '2003-10-05', '0604367509', 'Male', b'1', '3893', 'Mogaqane Street', 'Pimville Soweto', '1809', 'https://s3.eu-west-1.amazonaws.com/www.icep.co.za/CVs/1748968239756Siyabonga%20Mathonsi%20CV%20%282%29.pdf', 'https://s3.eu-west-1.amazonaws.com/www.icep.co.za/CVs/1748968247699Mathonsi%20SJ%20%281%29.pdf', 'DPRS20', 'tut-ema', 'Pending', 1),
(79, '216731085', 'Letlhogonolo', 'Tjatji', 'lvtjatji@gmail.com', '9701105293082', '1997-01-10', '0782479686', 'Male', b'1', '3921', 'BLOCK L SOSHANGUVE', 'PRETORIA', '0152', 'https://s3.eu-west-1.amazonaws.com/www.icep.co.za/CVs/1748968095425Tjatji%20CV.pdf', 'https://s3.eu-west-1.amazonaws.com/www.icep.co.za/CVs/1748968101808TJATJI%20LV%20WIL%20LETTER.pdf', 'DPIT20', 'tut-sosh', 'Pending', 1),
(80, '222588472', 'Lesedi', 'Mangena', 'lesedimangena04@icloud.com', '0205065324084', '2002-05-06', '0734064165', 'Male', b'1', '859A', 'Molose ', 'Naledi, Soweto', '1861', 'https://s3.eu-west-1.amazonaws.com/www.icep.co.za/CVs/1748968213025CV%20of%20Lesedi%20Mangena.pdf', 'https://s3.eu-west-1.amazonaws.com/www.icep.co.za/CVs/1748968990124Lesedi%20will%20letter.pdf', '', 'tut-sosh', 'Pending', 1),
(81, '220580555', 'Ditlabuke', 'Mphelane', 'ditlabukeemmanuela@gmail.com', '0201095968081', '2002-09-01', '0608303737', 'Male', b'1', '2314', 'Edison Mashaba', 'Soshanguve', '0152', 'https://s3.eu-west-1.amazonaws.com/www.icep.co.za/CVs/1748968910888Mphelane%20DE%20CV.pdf', 'https://s3.eu-west-1.amazonaws.com/www.icep.co.za/CVs/1748968937303Students%20generic%20recommendations%20letters%20-%20signed-7.pdf', 'DPIF20', 'tut-sosh', 'Pending', 1),
(82, '221108604 ', 'Ntuthuko', 'Nyembe', 'ntuthukovezuthandoh@gmail.com', '9907155782086', '1999-07-15', '0665120860', 'Male', b'1', '2959', 'SJ Lifakano', 'Soshanguve', '0152', 'https://s3.eu-west-1.amazonaws.com/www.icep.co.za/CVs/1748968922622Mr%20NE%20Nyembe%20CV.pdf', 'https://s3.eu-west-1.amazonaws.com/www.icep.co.za/CVs/1748968212075Nyembe%20NE%20Recommendation%20letters%20-%20signed-11.pdf', 'DPIF20', 'tut-sosh', 'Pending', 1),
(83, '222261945', 'Mmadikoloi', 'Mokone', 'bridgettemokone16@gmail.com', '0304110802085', '2003-04-11', '0786420524', 'Female', b'1', '977', 'Ibhele street', 'Emalahleni', '1039', 'https://s3.eu-west-1.amazonaws.com/www.icep.co.za/CVs/1748969035641Mmadikoloi%20Bridgette%20Mokone%20CV.pdf', 'https://s3.eu-west-1.amazonaws.com/www.icep.co.za/CVs/1748969167744M%20Mokone.pdf', 'DPRS20', 'tut-ema', 'Pending', 1),
(84, '221272420', 'Nonjabulo', 'Guma', 'lindelwanonjabulo@gmail.com', '0004290554080', '2000-04-29', '0793068170', 'Female', b'1', '2959', 'SJ lifakane ', 'Soahanguve', '0152', 'https://s3.eu-west-1.amazonaws.com/www.icep.co.za/CVs/1748969250368ID_Nonjabulo_merged.pdf', 'https://s3.eu-west-1.amazonaws.com/www.icep.co.za/CVs/1748969270175Guma%20NL%20Recommendation%20letters%20-%20signed-11.pdf', 'DPIF20', 'tut-sosh', 'Pending', 1),
(85, '223401473', 'Anele', 'Ndwandwe', '223401473@tut4life.ac.za', '0306136085082', '2003-06-13', '0797153244', 'Male', b'1', '62', '07 Aubrey Matlala Road', 'Soshanguve', '0152', 'https://s3.eu-west-1.amazonaws.com/www.icep.co.za/CVs/1748969326682Anele_NdwandweCV.pdf', 'https://s3.eu-west-1.amazonaws.com/www.icep.co.za/CVs/1748969359060AM%20NDWANDWE%20WIL%20LETTER.pdf', 'DPIT20', 'tut-sosh', 'Pending', 1),
(86, '222608341', 'Lebohang', 'Moraba', '222608341@tut4life.ac.za', '0112140536080', '2001-12-14', '0723370801', 'Female', b'1', '39', 'Crescent Langa', 'Witbank', '1034', 'https://s3.eu-west-1.amazonaws.com/www.icep.co.za/CVs/1748969487358MyCvUpdated.pdf', 'https://s3.eu-west-1.amazonaws.com/www.icep.co.za/CVs/1748969458604L%20Moraba.pdf', 'DPRS20', 'tut-ema', 'Pending', 1),
(87, '224631413', 'Katleho', 'Nkosi', 'nkosikatleho961@gmail.com', '0402015351081', '2004-02-01', '0820938883', 'Male', b'1', '739', 'Khari strret', 'Vosloorus', '1475', 'https://s3.eu-west-1.amazonaws.com/www.icep.co.za/CVs/1748969755146Katleho%20Nkosi%20CV.pdf', 'https://s3.eu-west-1.amazonaws.com/www.icep.co.za/CVs/1748969774374P%20Nkosi%20Recommendation_Letter_Generic%20-%20signed%20%281%29.pdf', 'DPIF20', 'tut-sosh', 'Pending', 1),
(88, '223368476', 'Lwandile', 'Mbokazi', '223368476@tut4life.ac.za', '0408205565083', '2004-08-20', '0656845547', 'Male', b'1', '46', '07 Aubrey Matlala Road', 'Soshanguve', '0152', 'https://s3.eu-west-1.amazonaws.com/www.icep.co.za/CVs/1748969907807LP_Mbokazi_.pdf', 'https://s3.eu-west-1.amazonaws.com/www.icep.co.za/CVs/1748969921298LP%20MBOKAZI%20WIL%20LETTER.pdf', 'DPIT20', 'tut-sosh', 'Pending', 1),
(89, '220834506', 'Andra', 'Nkuna', 'andrankuna@gmail.com', '0008101263088', '2000-08-10', '0637482416', 'Female', b'1', '2744', 'Aubrey  matlala road', 'Soshanguve ', '0152', 'https://s3.eu-west-1.amazonaws.com/www.icep.co.za/CVs/1748969964532ANDRA%20C.V.pdf', 'https://s3.eu-west-1.amazonaws.com/www.icep.co.za/CVs/1748969961653WIL%20generic%20recommendation%20letters%20-%20signed-12.pdf', 'DPIF20', 'tut-sosh', 'Pending', 1),
(90, '230888850', 'Elius', 'Tjabadi', '230888850@tut4life.ac.za', '0410056360085', '2004-10-05', '0827241866', 'Male', b'1', '523123', 'Ga moloi st', 'Polokwane', '07100', 'https://s3.eu-west-1.amazonaws.com/www.icep.co.za/CVs/1748970270222ELIUS%20TJABADI%20CV.pdf', 'https://s3.eu-west-1.amazonaws.com/www.icep.co.za/CVs/1748970283795WiL%20letter%20Cassius.pdf', 'DPRS20', 'tut-plk', 'Pending', 1),
(91, '224001258', 'Kgethego', 'Mabilo', 'kgethegohenry@gmail.com', '0211155337085', '2002-11-15', '0823980536', 'Male', b'1', '', 'The oaks ', 'Hoedspruit', '1380', 'https://s3.eu-west-1.amazonaws.com/www.icep.co.za/CVs/1748970190543Curriculum%20Vitae.pdf', 'https://s3.eu-west-1.amazonaws.com/www.icep.co.za/CVs/1748970206122Tut%20letter.pdf', 'DPRS20', 'tut-ema', 'Pending', 1),
(92, '224148496', 'POTEGO', 'THELA', '224148496@tut4life.ac.za', '0403130609080', '2004-03-13', '0724849850', 'Female', b'1', '7356/53', 'Moedi', 'Soshanguve ', '0152', 'https://s3.eu-west-1.amazonaws.com/www.icep.co.za/CVs/1748970608646CV.PDF', 'https://s3.eu-west-1.amazonaws.com/www.icep.co.za/CVs/1748970618868Student%20Recommendation%20letter%28%20WIL%29.pdf', 'DPIF20', 'tut-sosh', 'Pending', 1),
(93, '210299890', 'TSHEPO', 'PILANE', '210299890@tut4life.ac.za', '9008205623089', '1990-08-20', '0769177748', 'Male', b'1', '10 ', 'Kgwale Street', 'Southern gateway, Polokwane', '0699', 'https://s3.eu-west-1.amazonaws.com/www.icep.co.za/CVs/1748971036173Mr%20TV%20Pilane%27s%20CV2.pdf', 'https://s3.eu-west-1.amazonaws.com/www.icep.co.za/CVs/1748971051339WIL%20Letter.pdf', 'DPRS20', 'tut-plk', 'Pending', 1),
(94, '221006976', 'Enough', 'Nthani', 'enoughnthani@gmail.com', '0006195395089', '2000-06-19', '0637489367', 'Male', b'1', '2394', 'Block L Aubrey Matlakala St Soshanguve', 'Pretoria', '0152', 'https://s3.eu-west-1.amazonaws.com/www.icep.co.za/CVs/1748971296426Enough%20Tonny%20Nthani%20Cv.pdf', 'https://s3.eu-west-1.amazonaws.com/www.icep.co.za/CVs/1748971316100WIL_LETTER.pdf', 'DPRS20', 'tut-sosh', 'Pending', 1),
(95, '221299949', 'KWAZIKWAKHE', 'NKOSI', '221299949@tut4life.ac.za', '0307305841081', '2003-07-30', '0649397530', 'Male', b'1', '4417', 'Lahlampondo', 'Pongola', '3170', 'https://s3.eu-west-1.amazonaws.com/www.icep.co.za/CVs/1748971453911Kwazikwakhe%20Nkosi.pdf.pdf', 'https://s3.eu-west-1.amazonaws.com/www.icep.co.za/CVs/1748971469610Students%20recommendation%20letters%20-%20signed-9.pdf', 'DPIF20', 'tut-sosh', 'Pending', 1),
(96, '224770049', 'Christopher', 'Motau', 'chrismotau02@gmail.com', '0210036071087', '2002-10-03', '0608426198', 'Male', b'1', '07', 'Aubrey Matlala road', 'Soshanguve', '0152', 'https://s3.eu-west-1.amazonaws.com/www.icep.co.za/CVs/1748971289860CM%20RESUME.pdf', 'https://s3.eu-west-1.amazonaws.com/www.icep.co.za/CVs/1748971297579WIL%20letter.pdf', 'DPIF20', 'tut-sosh', 'Pending', 1),
(97, '230255687', 'MUSHIYA', 'ILUNGA', 'mushiyailunga@gmail.com', '0000000000000', '2003-05-21', '0678778994', 'Male', b'1', '684', 'Pretorius ', 'Pretoria', '0083', 'https://s3.eu-west-1.amazonaws.com/www.icep.co.za/CVs/1748971184550MD%20ILUNGA%20CV_.pdf', 'https://s3.eu-west-1.amazonaws.com/www.icep.co.za/CVs/1748971208618WIL%20LETTER%20-ILUNGA.pdf', 'DPIT20', 'tut-sosh', 'Pending', 1),
(98, '223167900', 'Reliable', 'Nyathi', 'reliablenyathi972@gmail.com', '0310145656081', '2003-10-14', '0763968659', 'Male', b'1', '58', 'Bungana', 'Nelsprait', '1050', 'https://s3.eu-west-1.amazonaws.com/www.icep.co.za/CVs/1748971312943my%20CV%202.pdf', 'https://s3.eu-west-1.amazonaws.com/www.icep.co.za/CVs/1748971150302my%20will%20letter.pdf', 'DPRS20', 'tut-sosh', 'Pending', 1),
(99, '224532121', 'Sbonelo', 'Zwane', 'sinakho11@gmail.com', '0009195238085', '2000-09-19', '0732063901', 'Male', b'1', '13', 'Tom Naude', 'Witbank', '1035', 'https://s3.eu-west-1.amazonaws.com/www.icep.co.za/CVs/1748971652558Sbonelo%20Sinakhonke%20Zwane%20%20-%20Resume.pdf', 'https://s3.eu-west-1.amazonaws.com/www.icep.co.za/CVs/1748971669160Zwane%20SS.pdf', '', 'tut-ema', 'Pending', 1),
(100, '230575177', 'Lean', 'Magoshi', 'magoshilean@gmail.com', '0411230062084', '2004-11-23', '0648653217', 'Female', b'1', '177', 'Santa', 'Emalahleni ', '1039', 'https://s3.eu-west-1.amazonaws.com/www.icep.co.za/CVs/1748971336804leanMagoshi.pdf', 'https://s3.eu-west-1.amazonaws.com/www.icep.co.za/CVs/1748971628221lean-%20wil-letter.pdf', 'DPRS20', 'tut-ema', 'Pending', 1),
(101, '223720005', 'Thabang', 'Chagane', '223720005@tut4life.ac.za', '0305246103082', '2003-05-24', '0660732566', 'Male', b'1', 'Student to', '10 Aubrey matlakala road', 'Soshanguve', '0152', 'https://s3.eu-west-1.amazonaws.com/www.icep.co.za/CVs/1748972243474CV-CHAGANE%20THABANG%20KGOMOCHWANA.pdf', 'https://s3.eu-west-1.amazonaws.com/www.icep.co.za/CVs/1748972267882Students%20recommendation%20letters%20-%20signed-20.pdf', 'DPIF20', 'tut-sosh', 'Pending', 1),
(102, '230678626', 'Lesego', 'Molete', 'moletelesego123@gmail.com', '0402155086083', '2004-02-15', '0670661756', 'Male', b'1', '4492', 'Hippo street', 'Dawn park', '1459', 'https://s3.eu-west-1.amazonaws.com/www.icep.co.za/CVs/1748972673092Lesego%20CV.pdf', 'https://s3.eu-west-1.amazonaws.com/www.icep.co.za/CVs/1748972686393Will.pdf', 'DPIF20', 'tut-sosh', 'Pending', 1),
(103, '221690630', 'smangaliso', 'mvubu', 'smanga000mthobismbatha@gmail.com', '0012076024087', '2000-12-07', '0721690226', 'Male', b'1', 'p.o box 55', 'king cetshwayo highway', 'ulundi', '3838', 'https://s3.eu-west-1.amazonaws.com/www.icep.co.za/CVs/1748972889903CV2.pdf', 'https://s3.eu-west-1.amazonaws.com/www.icep.co.za/CVs/1748972954600SM%20MVUBU%20WIL%20LETTER.pdf', 'DPIT20', 'tut-sosh', 'Pending', 1),
(104, '222355591', 'Sifiso', 'Mamba', 'sfisomoses51@gmail.com', '9908176097082', '1999-08-17', '0768864451', 'Male', b'1', '3080', 'Joeslove', 'Nelspruit ', '1346', 'https://s3.eu-west-1.amazonaws.com/www.icep.co.za/CVs/1748973229901SFISO%20MAMBA%20%20CV.pdf', 'https://s3.eu-west-1.amazonaws.com/www.icep.co.za/CVs/1748973242507S%20MAMBA.pdf', 'DPRS20', 'tut-ema', 'Pending', 1),
(105, '220259587', 'DIDINTLE', 'Molate', '220259587@tut4life.ac.za', '0106170969088', '2001-06-17', '0711789264', 'Female', b'1', '7', 'Bloubosplek', 'Rustenburg', '0300', 'https://s3.eu-west-1.amazonaws.com/www.icep.co.za/CVs/1748973500051CV.2025.pdf', 'https://s3.eu-west-1.amazonaws.com/www.icep.co.za/CVs/1748973393765Student%20recommendation%20letters%20-%20signed-14.pdf', 'DPIF20', 'tut-sosh', 'Pending', 1),
(106, '232071052', 'Gontse', 'Machaba', '232071052@tut4life.ac.za', '0302135530087', '2003-02-13', '0678325562', 'Male', b'1', '224 ', 'Makgata street', 'Temba ', '0407', 'https://s3.eu-west-1.amazonaws.com/www.icep.co.za/CVs/1748973561972CV%20Gontse%20.pdf', 'https://s3.eu-west-1.amazonaws.com/www.icep.co.za/CVs/1748973574809GK%20MACHABA%20WIL%20LETTER.pdf', 'DPIT20', 'tut-sosh', 'Pending', 1),
(107, '221274482', 'Nsuku', 'Shibambo', 'nsukugoldwin1234@gmail.com', '0211075488083', '2002-11-07', '0832237448', 'Male', b'1', '864', 'Nylkuper', 'Soshanguve ', '0152', 'https://s3.eu-west-1.amazonaws.com/www.icep.co.za/CVs/1748973975302ShibamboNG%20CV.pdf', 'https://s3.eu-west-1.amazonaws.com/www.icep.co.za/CVs/1748973982048ShibamboNG%20WIL%20letter.pdf', 'DPIT20', 'tut-sosh', 'Pending', 1),
(108, '223495028', 'mashudu', 'nemutudi', 'nemutudimashudu03@gmail.com', '0311150381086', '2003-11-15', '0694016726', 'Female', b'1', '43', 'Lydia str', 'KEMPTON PARK', '1621', 'https://s3.eu-west-1.amazonaws.com/www.icep.co.za/CVs/1748974228333M%20Nemutudi%20CV.pdf', 'https://s3.eu-west-1.amazonaws.com/www.icep.co.za/CVs/1748973098952M%20Nemutudi%20WIL%20Letter.pdf', 'DPRS20', 'tut-ema', 'Pending', 1),
(109, '223389201', 'Mlondi', 'Mkhize', '223389201@tut4life.ac.za', '0307285673082', '2003-07-28', '0723128777', 'Male', b'1', '13965', 'Stinkwood', 'Roodepoort ', '1724', 'https://s3.eu-west-1.amazonaws.com/www.icep.co.za/CVs/1748974620849MLONDI_MKHIZE_CV.pdf', 'https://s3.eu-west-1.amazonaws.com/www.icep.co.za/CVs/1748974631360Mkhize%20M.pdf', 'DPRS20', 'tut-ema', 'Pending', 1),
(110, '224023740', 'Lesedi', 'Kgomo', '224023740@tut4life.ac.za', '0306165595087', '2003-06-16', '0810279864', 'Male', b'1', 'A0055', 'Uitzicht Village', 'Mokopane', '0617', 'https://s3.eu-west-1.amazonaws.com/www.icep.co.za/CVs/1748974759660Kgomo%20Lesedi%27s%20CV%20III.pdf', 'https://s3.eu-west-1.amazonaws.com/www.icep.co.za/CVs/1748975039448cover%20letter%20call%20center%20ii.pdf', 'DPRS20', 'tut-sosh', 'Pending', 1),
(111, '224413084', 'Thabiso', 'Masuku', 'Thabisomasuku2281@gmail.com', '0405186077088', '2004-05-18', '0677524975', 'Male', b'1', '214', 'Burger street', 'Pretoria', '0082', 'https://s3.eu-west-1.amazonaws.com/www.icep.co.za/CVs/1748975562580Thabiso_Masuku_-_Student_at_Tshwane_University_of_Technology%20Icep.pdf', 'https://s3.eu-west-1.amazonaws.com/www.icep.co.za/CVs/1748975577801Thabiso_Masuku_-_Cover_Letter%20%283%29.pdf', 'DPRS20', 'tut-sosh', 'Pending', 1),
(112, '222479517', 'Nduduzo', 'Tembe', '222417961@tut4life.ac.za', '0201155437084', '2002-01-15', '0715565898', 'Male', b'1', '424', 'Long avenue', 'Pretoria', '0152', 'https://s3.eu-west-1.amazonaws.com/www.icep.co.za/CVs/1748976099671NDUDUZOTEMBE.pdf', 'https://s3.eu-west-1.amazonaws.com/www.icep.co.za/CVs/1748976108146PreWIL%20recommendation%20letter%20-%20Tembe.pdf', 'DPRS20', 'tut-sosh', 'Pending', 1),
(113, '223990819', 'Simphiwe', 'Skhosana', 'simphiwetrudy998@gmail.com', '0405280472086', '2004-05-28', '0795817012', 'Female', b'1', '07', 'Aubrey Matlala', 'Soshanguve ', '0152', 'https://s3.eu-west-1.amazonaws.com/www.icep.co.za/CVs/1748976477899Simphiwe%27s_CV.pdf', 'https://s3.eu-west-1.amazonaws.com/www.icep.co.za/CVs/1748976488052WIL%20letter.pdf', 'DPIT20', 'tut-sosh', 'Pending', 1),
(114, '221568281', 'Vutomi', 'Nyarhi', 'Vutominyari@gmail.com', '0301065909089', '2003-01-06', '0760886036', 'Male', b'1', '476', 'Leyds', 'Pretoria , Gauteng', '0002', 'https://s3.eu-west-1.amazonaws.com/www.icep.co.za/CVs/1748976728941Vutomi-Nyarhi-cv.pdf', 'https://s3.eu-west-1.amazonaws.com/www.icep.co.za/CVs/1748976750955WOC316D%20WIL%20Letter%20Recommendation%20Letter%20V%20Nyarhi%20-%20signed.pdf', 'DPRS20', 'tut-sosh', 'Pending', 1),
(115, '223516246', 'Sydney', 'Rakomana', 'sydneythapelo04@gmail.com', '0406025368084', '2004-06-02', '0711704120', 'Male', b'1', '10592', 'South', 'Soshanguve', '0152', 'https://s3.eu-west-1.amazonaws.com/www.icep.co.za/CVs/1748977646638CV.pdf', 'https://s3.eu-west-1.amazonaws.com/www.icep.co.za/CVs/1748977657092WIL.pdf', 'DPRS20', 'tut-sosh', 'Pending', 1),
(116, '230257329', 'nkanyiso', 'hlatswayo', '230257329@tut4life.ac.za', '0300105335082', '2003-09-10', '0796412723', 'Male', b'1', '148', 'Johnston street', 'Sunnyside ', '0002', 'https://s3.eu-west-1.amazonaws.com/www.icep.co.za/CVs/1748978362748myInWilCV.pdf', 'https://s3.eu-west-1.amazonaws.com/www.icep.co.za/CVs/1748978367406Hlatswayo%20Student%20recommendation%20letters%20-%20signed-1.pdf', 'DPIF20', 'tut-sosh', 'Pending', 1),
(117, '222878624', 'Kaizer', 'Maphoso', 'lamontkaizer@gmail.com', '0105285388085', '2001-05-28', '0713077870', 'Male', b'1', '1301', 'Legwale street', 'Soweto', '1818', 'https://s3.eu-west-1.amazonaws.com/www.icep.co.za/CVs/1748981272116CV%20.pdf', 'https://s3.eu-west-1.amazonaws.com/www.icep.co.za/CVs/1748981307495Recommendation%20Letters%20-%20signed-4.pdf', 'DPIF20', 'tut-sosh', 'Pending', 1),
(118, '224224478', 'Kgopotso', 'Mangena', 'kgopotsomangena42@gmail.com', '0403266187083', '2004-03-26', '0713077966', 'Male', b'1', '149', 'Johnston Street', 'Pretoria', '0002', 'https://s3.eu-west-1.amazonaws.com/www.icep.co.za/CVs/1748981356434KGOPOTSO%20REMEMBER%20MANGENA%20CV.pdf', 'https://s3.eu-west-1.amazonaws.com/www.icep.co.za/CVs/1748981338643MANGENA%20KR%20recommendation%20letters%20-%20signed-10.pdf', 'DPIF20', 'tut-sosh', 'Pending', 1),
(119, '221397720', 'LETSATSI', 'TSETSEWA', 'letsatsi5738@gmail.com', '0210075738083', '2002-10-07', '0825040777', 'Male', b'1', 'Student To', 'Aubrey Matlala Street ', 'Pretoria', '0152', 'https://s3.eu-west-1.amazonaws.com/www.icep.co.za/CVs/1748981917690TsetsewaCV2.pdf', 'https://s3.eu-west-1.amazonaws.com/www.icep.co.za/CVs/1748981963808WILLETTER.pdf', 'DPIT20', 'tut-sosh', 'Pending', 1),
(120, '222028663', 'Refentse', 'Mokalapa', '222028663@tut4life.ac.za', '0301020694081', '2003-01-02', '0733701414', 'Female', b'1', '1227', 'Majokwane street', 'Pretoria', '0122', 'https://s3.eu-west-1.amazonaws.com/www.icep.co.za/CVs/1748982152781Refentse%20Adel%20Mokalapa-1.pdf', 'https://s3.eu-west-1.amazonaws.com/www.icep.co.za/CVs/1748982136498WIL%20generic%20recommendation%20letters%20-%20signed-6.pdf', 'DPIF20', 'tut-sosh', 'Pending', 1),
(121, '221920570', 'Lethabo', 'Pilane', 'pilanelethabo710@gmail.com', '0201105072080', '2002-01-10', '0845503965', 'Male', b'1', '1490', 'Block X Extension', 'Mabopane', '0190', 'https://s3.eu-west-1.amazonaws.com/www.icep.co.za/CVs/1748982669966Lethabo-Pilane-CV.pdf', 'https://s3.eu-west-1.amazonaws.com/www.icep.co.za/CVs/1748982777529LB%20PILANE%20WIL%20LETTER.pdf', 'DPIT20', 'tut-sosh', 'Pending', 1),
(122, '224208634', 'Sandile', 'Khanyi', 'sandilekhanyi586@gmail.com', '0302205057086', '2003-02-20', '0658710759', 'Male', b'1', '8', 'Clarinet Street ', 'Witbank', '1035', 'https://s3.eu-west-1.amazonaws.com/www.icep.co.za/CVs/1748983247901Sandile%20KhanyiCV.pdf', 'https://s3.eu-west-1.amazonaws.com/www.icep.co.za/CVs/1748983261204Khanyi%20SM%20Recommendation%20letters%20-%20signed-2.pdf', 'DPIF20', 'tut-sosh', 'Pending', 1),
(123, '221619188', 'KGOMOTSO', 'NGOMANE', 'kgtsandzi@gmail.com', '0110090767085', '2001-10-09', '0728308090', 'Female', b'1', 'Corridor h', '39 langacres', 'Emalahleni', '1034', 'https://s3.eu-west-1.amazonaws.com/www.icep.co.za/CVs/1748983422169Kgomotso%27s%20Cv%20apply%20.pdf', 'https://s3.eu-west-1.amazonaws.com/www.icep.co.za/CVs/1748983385664Ngomane%2520KN.pdf', 'DPRS20', 'tut-ema', 'Pending', 1),
(124, '221520831', 'Shudufhadzo', 'Matsila', 'shudufhadzomatsila@gmail.com', '0208240913086', '2002-08-24', '0797817178', 'Female', b'1', '7298/62', 'Umsintsi', 'Soshanguve ', '0152', 'https://s3.eu-west-1.amazonaws.com/www.icep.co.za/CVs/1748983839048Matsila31.pdf', 'https://s3.eu-west-1.amazonaws.com/www.icep.co.za/CVs/1748983853009Matsila%20SR%20Recommendation%20letters%20-%20signed-8.pdf', 'DPIF20', '', 'Pending', 1),
(125, '222866510', 'Doctor', 'Molepo', '222866510@tut4life.ac.za', '0107195874089', '2001-07-19', '0721932840', 'Male', b'1', '16699', 'lehatse street', 'Pretoria', '0152', 'https://s3.eu-west-1.amazonaws.com/www.icep.co.za/CVs/1748983940362DOCTOR%20CV.pdf', 'https://s3.eu-west-1.amazonaws.com/www.icep.co.za/CVs/1748983969431D%20MOLEPO%20WIL%20LETTER.pdf', 'DPIT20', 'tut-sosh', 'Pending', 1),
(126, '221751515', 'Njabulo', 'Mdlalose', 'njabulomdls@gmail.com', '0103026428088', '2001-03-02', '0729724834', 'Male', b'1', '921', 'Moremogolo', 'Soshanguve', '0152', 'https://s3.eu-west-1.amazonaws.com/www.icep.co.za/CVs/1748984156420CV1.pdf', 'https://s3.eu-west-1.amazonaws.com/www.icep.co.za/CVs/1748984235890Student%20recommendation%20letters%20-%20signed-13.pdf', 'DPIF20', 'tut-sosh', 'Pending', 1),
(127, '223005357', 'Michael', 'Ndlovu', 'mikendlovumx@gmail.com', '0305276311084', '2000-01-01', '0782628835', 'Male', b'1', '1008', 'Fontanna Inn', 'Johannesburg', '2001', 'https://s3.eu-west-1.amazonaws.com/www.icep.co.za/CVs/1748983901887Mike%20CV%20.pdf', 'https://s3.eu-west-1.amazonaws.com/www.icep.co.za/CVs/1748983912470WIL%20LETTER.pdf', 'DPRS20', 'tut-plk', 'Pending', 1);
INSERT INTO `student` (`id`, `student_id`, `firstname`, `lastname`, `email`, `idno`, `dob`, `phoneNo`, `gender`, `outstanding`, `houseNo`, `streetName`, `town`, `code`, `cv_file`, `recommendation_file`, `course_id`, `campus_id`, `status`, `post_id`) VALUES
(128, '223895956', 'Kamogelo', 'Thlong', 'thlongkamogelo476@gmail.com', '0407060718084', '2004-07-06', '0725399964', 'Female', b'1', '209', 'Hillar Rd', 'Polokwane', '0699', 'https://s3.eu-west-1.amazonaws.com/www.icep.co.za/CVs/1748984543292CV.pdf', 'https://s3.eu-west-1.amazonaws.com/www.icep.co.za/CVs/1748984552915WIL%20Letter.pdf', 'DPRS20', 'tut-plk', 'Pending', 1),
(129, '222921694', 'Junior', 'Makhafula', 'juniormakhafola12@gmail.com', '0307235180089', '2003-07-23', '0670682749', 'Male', b'1', '8156', 'ALFRED NZO STREET', 'TEMBISA', '1632', 'https://s3.eu-west-1.amazonaws.com/www.icep.co.za/CVs/1748984540982MAKHAFULA_JUNIOR_MANYATHELA_CV_Jukebox.pdf', 'https://s3.eu-west-1.amazonaws.com/www.icep.co.za/CVs/1748984565493Letter_2025_JM_MAKHAFULA.pdf', 'DPRS20', 'tut-sosh', 'Pending', 1),
(130, '223619207', 'Sinethemba', 'Mtubane', '223619207@tut4life.ac.za', '0307041072082', '2003-07-04', '0798383128', 'Female', b'1', '2', 'Aubrey matlakala', 'Soshanguve', '0152', 'https://s3.eu-west-1.amazonaws.com/www.icep.co.za/CVs/1748986380412Sinethemba%20Mtubane.pdf', 'https://s3.eu-west-1.amazonaws.com/www.icep.co.za/CVs/1748986395538Tshwane%20University%20WIL%20letter%20%20%281%29_page-0001.pdf', '', 'tut-sosh', 'Pending', 1),
(131, '223836909', 'Bheki', 'Malinga', 'malingabheki04@gmail.com', '0204275257085', '2002-04-27', '0843234753', 'Male', b'1', '5354', 'lenjane crescent', 'eMbalenhle', '2285', 'https://s3.eu-west-1.amazonaws.com/www.icep.co.za/CVs/1748986741430Resume.pdf', 'https://s3.eu-west-1.amazonaws.com/www.icep.co.za/CVs/1748986867161BE%20Malinga.pdf', 'DPRS20', 'tut-ema', 'Pending', 1),
(132, '220254151', 'Dikoma', 'Moabi', 'dikomamoabi@gmail.com', '9708206047085', '1997-08-20', '0672944949', 'Male', b'1', '4949', 'Baragwaneth ', 'Soweto', '1862', 'https://s3.eu-west-1.amazonaws.com/www.icep.co.za/CVs/1748987583632Dikoma_Moabi.pdf', 'https://s3.eu-west-1.amazonaws.com/www.icep.co.za/CVs/1748987647684Moabi%20D.pdf', 'DPRS20', 'tut-ema', 'Pending', 1),
(133, '224244657', 'Ncamisile', 'Tshabalala', '224244657@tut4life.ac.za', '0301291236083', '2003-01-29', '0659948616', 'Female', b'1', '2', 'Aubrey Matlakala Street ', 'Soshanguve ', '0152', 'https://s3.eu-west-1.amazonaws.com/www.icep.co.za/CVs/1748987582538Ncamisile%20Tsahabalala%20CV.pdf', 'https://s3.eu-west-1.amazonaws.com/www.icep.co.za/CVs/17489876688531000151641%20%289%29.pdf', 'DPRS20', 'tut-sosh', 'Pending', 1),
(134, '222790530', 'Alex', 'Mogalaki', '222790530@tut4life.ac.za', '0106026313085', '2001-06-02', '0797001614', 'Male', b'1', '2', 'Aubrey Matlala street', 'Soshanguve block l', '0152', 'https://s3.eu-west-1.amazonaws.com/www.icep.co.za/CVs/1748989148852ALEX%20REFILOE%20MOGALAKI%20CV.pdf', 'https://s3.eu-west-1.amazonaws.com/www.icep.co.za/CVs/1748989185949AR%20MOGALAKI%20WIL%20letter.pdf', 'DPIT20', 'tut-sosh', 'Pending', 1),
(135, '223822339', 'Yendi', 'Mthombeni', '223822339@tut4life.ac.za', '0210225166086', '2002-10-22', '0813474525', 'Male', b'1', '233', 'Cassia Street', 'Doornport', '0186', 'https://s3.eu-west-1.amazonaws.com/www.icep.co.za/CVs/1749000999727Yendi%20Mthombeni%27s%20CV.pdf', 'https://s3.eu-west-1.amazonaws.com/www.icep.co.za/CVs/1749001176905Yendi%20Mthombeni%27s%20CV.pdf', 'DPRS20', 'tut-ema', 'Pending', 1),
(136, '224504292', 'Heavystone', 'Theko', '224504292@tut4life.ac.za', '0410025241085', '2004-10-02', '0767407756', 'Male', b'1', '20295', 'Nyamazane st', 'Thulamahashe, Ludlow Trust', '1365', 'https://s3.eu-west-1.amazonaws.com/www.icep.co.za/CVs/1749003012331Application%20CV%20HM.pdf', 'https://s3.eu-west-1.amazonaws.com/www.icep.co.za/CVs/1749003044909HM%20THEKO%20WIL%20LETTER.pdf', 'DPIT20', 'tut-sosh', 'Pending', 1),
(137, '224251971', 'adel', 'baloyi', '224251971@tut4life.ac.za', '0405160611084', '2004-05-16', '0736646237', 'Female', b'1', '712', 'Gumbani', 'Malamulele', '0982', 'https://s3.eu-west-1.amazonaws.com/www.icep.co.za/CVs/1749014296616CV%20adel3.pdf', 'https://s3.eu-west-1.amazonaws.com/www.icep.co.za/CVs/1749014315478Baloyi%20Hlukani%20Adel.pdf', 'DPRS20', 'tut-ema', 'Pending', 1),
(138, '220013235', 'Ndukenhle', 'Mkhwanazi', 'lungisanindukenhle@gmail.com', '9812205802084', '1998-12-20', '0714636669', 'Male', b'1', '2096', 'Stand', 'Pretoria', '0152', 'https://s3.eu-west-1.amazonaws.com/www.icep.co.za/CVs/1749015722071NL%20MKHWANAZI%20CV.pdf', 'https://s3.eu-west-1.amazonaws.com/www.icep.co.za/CVs/1749015765329Mkhwanazi%20NL%20Recommendation%20letters%20-%20signed-11.pdf', 'DPIF20', 'tut-sosh', 'Pending', 1),
(139, '220441814', 'Shadrack', 'Sibiya', '220441814@tut4life.ac.za', '9907075461084', '1999-07-07', '0765241598', 'Male', b'1', '2744', 'Aubrey matlala', 'Soshanguve ', '0152', 'https://s3.eu-west-1.amazonaws.com/www.icep.co.za/CVs/1749018012686S%20Sibiya%20Cv...pdf', 'https://s3.eu-west-1.amazonaws.com/www.icep.co.za/CVs/1749018029267S%20Sibiya%20WIL%20letter.pdf', 'DPIF20', 'tut-sosh', 'Pending', 1),
(140, '222731380', 'Tswarelo', 'Mahluza', 'tswarelomahluza@gmail.com', '0112185975086', '2001-12-18', '0679461444', 'Male', b'1', '13 langa c', 'mandela', 'witbank', '1034', 'https://s3.eu-west-1.amazonaws.com/www.icep.co.za/CVs/1749019221338Tswarelo%27s%20CV.pdf', 'https://s3.eu-west-1.amazonaws.com/www.icep.co.za/CVs/1749018807196Mahluza%20Tswarelo%20Bongumusa.pdf', '', 'tut-ema', 'Pending', 1),
(141, '222487285', 'Sange', 'Kolose', 'sangekolose@gmail.com', '0103035594086', '2001-03-03', '0720255622', 'Male', b'1', '7358/23', 'Moedi ', 'Soshanguve ', '0164', 'https://s3.eu-west-1.amazonaws.com/www.icep.co.za/CVs/1749019569103DOC-20240403-WA0002_240403_154814-compressed.pdf_20250310_230259_0000.pdf', 'https://s3.eu-west-1.amazonaws.com/www.icep.co.za/CVs/1749019572033web.ws25pkg.pdf', 'DPRS20', 'tut-sosh', 'Pending', 1),
(142, '224362196', 'Dyunani', 'Hlungwane', 'dy.hlungwane@gmail.com', '0210130370088', '2002-10-13', '0781924577', 'Female', b'1', '19468', 'Tantabela ', 'Soshanguve ', '0152', 'https://s3.eu-west-1.amazonaws.com/www.icep.co.za/CVs/1749019805386DK%20CV%20.pdf', 'https://s3.eu-west-1.amazonaws.com/www.icep.co.za/CVs/1749019830802Hlungwane%20DK%20WIL%20LETTER%20.pdf', 'DPIF20', 'tut-sosh', 'Pending', 1),
(143, '219839448', 'Refekgotso', 'Moabi', 'k.glesley@gmail.com', '0102225471089', '2001-02-22', '0678857395', 'Male', b'1', '451', 'Emily hobhouse', 'Pretoria North', '0182', 'https://s3.eu-west-1.amazonaws.com/www.icep.co.za/CVs/1749020842671Moabi_RLM_CV_ICT_2025%20%281%29.pdf', 'https://s3.eu-west-1.amazonaws.com/www.icep.co.za/CVs/1749020850532Recommendation_Letter.pdf', 'DPRS20', 'tut-sosh', 'Pending', 1),
(144, '224819528', 'Tshepo', 'Seleka', 'tsheposeleka75@gmail.com', '0302265867085', '2003-02-26', '0622858952', 'Male', b'1', '490 ', 'Gen De wet ', 'Pretoria north ', '0182', 'https://s3.eu-west-1.amazonaws.com/www.icep.co.za/CVs/174902147757620250508094451.pdf', 'https://s3.eu-west-1.amazonaws.com/www.icep.co.za/CVs/1749021554792Seleka%20TI%20Recommendation%20letters%20-%20signed-23.pdf', 'DPIF20', 'tut-sosh', 'Pending', 1),
(145, '222853710', 'Mmagae', 'Thotobolo', 'mmagaeth@gmail.com', '0112060222083', '2001-12-06', '0657223996', 'Female', b'1', '18185', 'Ablaze street', 'johannesburg', '1863', 'https://s3.eu-west-1.amazonaws.com/www.icep.co.za/CVs/1749022278493Mmagae%20Thotobolo.pdf', 'https://s3.eu-west-1.amazonaws.com/www.icep.co.za/CVs/1749022288414Mirriam%20Mmagae%20Thotobolo.pdf', 'DPRS20', 'tut-ema', 'Pending', 1),
(146, '222119235', 'Fortune', 'Mathebula', 'therealfortunegt@gmail.com', '0208045305082', '2002-08-04', '0604544791', 'Male', b'1', '451', 'Emily Hobhouse Ave', 'Pretoria', '0182', 'https://s3.eu-west-1.amazonaws.com/www.icep.co.za/CVs/1749023047184cv.pdf', 'https://s3.eu-west-1.amazonaws.com/www.icep.co.za/CVs/1749023066687Wil%20letter.pdf', 'DPRS20', 'tut-sosh', 'Pending', 1),
(147, '222554306', 'Muano', 'Mbengeni', '222554306@tut4life.ac.za', '0104036247088', '2001-04-03', '0825076121', 'Male', b'1', '361', 'Vudzi ST', 'Mutale', '0956', 'https://s3.eu-west-1.amazonaws.com/www.icep.co.za/CVs/1749025621265MB%20Mbengeni%20Full%20Resume.pdf', 'https://s3.eu-west-1.amazonaws.com/www.icep.co.za/CVs/1749025638407Mbengeni%20MB%20WIL%20letter.pdf', 'DPRS20', 'tut-plk', 'Pending', 1),
(148, '222902576', 'Dylan', 'Ndlovu', 'dylanmndlovu@gmail.com', '0211156301080', '2002-11-15', '0658500818', 'Male', b'1', '28', 'Doornkraal ', 'Ladanna', '1445', 'https://s3.eu-west-1.amazonaws.com/www.icep.co.za/CVs/1749025669572Dylan%20Ndlovu%20_CV.pdf', 'https://s3.eu-west-1.amazonaws.com/www.icep.co.za/CVs/1749025705651Work%20Intergrated%20Letter.pdf', '', 'tut-plk', 'Pending', 1),
(149, '220670031', 'Melusi', 'Mathebula', '220670031@tut4life.ac.za', '0012055993088', '2000-12-05', '0655886737', 'Male', b'1', '6517', 'Msitshana', 'Soshanguve ', '0152', 'https://s3.eu-west-1.amazonaws.com/www.icep.co.za/CVs/1749026082106Resume%20-%20Google%20Docs.pdf', 'https://s3.eu-west-1.amazonaws.com/www.icep.co.za/CVs/1749026050644Mathebula%20MH%20Recommendation%20letters%20-%20signed-7%20%281%29.pdf', 'DPIF20', 'tut-sosh', 'Pending', 1),
(150, '222792738', 'Thabiso', 'Motha', 'mothathabiso07@gmail.com', '0205175961080', '2002-05-17', '0608216360', 'Male', b'1', '13 ', 'Langa Crescent', 'WITBANK Corridor Hills', '1035', 'https://s3.eu-west-1.amazonaws.com/www.icep.co.za/CVs/1749025941300Thabiso%27s%20CV.pdf', 'https://s3.eu-west-1.amazonaws.com/www.icep.co.za/CVs/1749026106772Thabiso%20Innocent%20Motha.pdf', 'DPRS20', 'tut-ema', 'Pending', 1),
(151, '222864003', 'Nomcebo', 'Kubheka', '222864003@tut4life.ac.za', '0306021148086', '2003-06-02', '0797491485', 'Female', b'1', '15', 'Van Ryneveld ', 'Emalahleni', '1035', 'https://s3.eu-west-1.amazonaws.com/www.icep.co.za/CVs/1749027853702CEBS%20-%20CV%20-%20PTA.pdf', 'https://s3.eu-west-1.amazonaws.com/www.icep.co.za/CVs/1749027869078WIL%20letter%20.pdf', 'DPRS20', 'tut-ema', 'Pending', 1),
(152, '222949181', 'Katlego', 'Sebola', 'mosasebola2@gnail.com', '0209290479085', '2002-09-29', '0634290215', 'Female', b'1', '', 'Central street', 'Soshanguve-Vv', '0164', 'https://s3.eu-west-1.amazonaws.com/www.icep.co.za/CVs/1749028152308CV-%20K%20Sebola.pdf', 'https://s3.eu-west-1.amazonaws.com/www.icep.co.za/CVs/1749028206427Sebola%20K%20Recommendation%20letters%20-%20signed-21.pdf', 'DPIF20', 'tut-sosh', 'Pending', 1),
(153, '231094415', 'makgabo', 'mpashi', '231094415@tut4life.ac.za', '9904175821085', '1999-04-17', '0606490114', 'Male', b'1', 'stan 07A', 'Danzigt', 'Bochum', '0790', 'https://s3.eu-west-1.amazonaws.com/www.icep.co.za/CVs/1749028658801makgabo%20CV.pdf', 'https://s3.eu-west-1.amazonaws.com/www.icep.co.za/CVs/1749028670397letter.pdf', 'DPRS20', 'tut-plk', 'Pending', 1),
(154, '220355438', 'Lindokuhle', 'Semetsi', 'lindosemetsi@gmail.com', '0102030748084', '2001-02-03', '0682232480', 'Female', b'1', '291 ', 'Pretorius ', 'Pretoria Central', '0002', 'https://s3.eu-west-1.amazonaws.com/www.icep.co.za/CVs/1749029753505SemetsiLA_curriculum_vitae.pdf', 'https://s3.eu-west-1.amazonaws.com/www.icep.co.za/CVs/1749029766282Student%20recommendation%20letters%20-%20signed-19.pdf', 'DPIF20', '', 'Pending', 1),
(155, '231240942', 'letago', 'Kekana', '231240942@tut4life.ac.za', '0312305451089', '2003-12-30', '0762828806', 'Male', b'1', '18', 'Brunei Avenue', 'Polokwane', '0699', 'https://s3.eu-west-1.amazonaws.com/www.icep.co.za/CVs/1749029855774CurriculumvitaeofLetagoKekana.pdf', 'https://s3.eu-west-1.amazonaws.com/www.icep.co.za/CVs/1749029882166WILLETTER.pdf', 'DPRS20', 'tut-plk', 'Pending', 1),
(156, '220704696', 'Show', 'Shipalana', 'showshipalana7@gmail.com', '9904255017083', '1999-04-25', '810676054', 'Male', b'1', '2136B', 'Ben farm', 'Tzaneen', '0870', 'https://s3.eu-west-1.amazonaws.com/www.icep.co.za/CVs/1749030042208cv.pdf', 'https://s3.eu-west-1.amazonaws.com/www.icep.co.za/CVs/1749030056250WOC316D%20WIL%20Letter%20Recommendation%20Letter%20S%20Shipalana-signed%20%281%29.pdf', 'DPRS20', 'tut-sosh', 'Pending', 1),
(157, '221837142', 'Ntsako', 'Maluleke', 'mntsako559@gmail.com', '0306220288089', '2003-06-22', '0717734111', 'Female', b'1', '2288', 'Kurkbos', 'Ebony park', '1632', 'https://s3.eu-west-1.amazonaws.com/www.icep.co.za/CVs/1749031173559Ntsako%20Maluleke%20CV%200903%20N2.pdf', 'https://s3.eu-west-1.amazonaws.com/www.icep.co.za/CVs/1749031185340Maluleke%20NI%20Student%20recommendation%20%20letters%20%202025.pdf', 'DPIF20', 'tut-sosh', 'Pending', 1),
(158, '230403716', 'Kwena', 'Molalatladi', 'kwenamolalatladi@gmail.com', '0404115677084', '2004-04-11', '0713551668', 'Male', b'1', '616', 'Mahwelereng-B', 'Mokopane', '0626', 'https://s3.eu-west-1.amazonaws.com/www.icep.co.za/CVs/1749031637393CV%20%283%29.pdf', 'https://s3.eu-west-1.amazonaws.com/www.icep.co.za/CVs/1749031744263WIL%20letter.pdf.pdf', 'DPRS20', 'tut-plk', 'Pending', 1),
(159, '223506755', 'Lungile', 'Sambo', 'sambolungile7@gmail.com', '0403210904088', '2004-03-21', '0837920521', 'Female', b'1', '03', 'Masopha Street', 'Pretoria', '0125', 'https://s3.eu-west-1.amazonaws.com/www.icep.co.za/CVs/1749032814498LUNGILE%20SAMBO%20-%20CV.pdf', 'https://s3.eu-west-1.amazonaws.com/www.icep.co.za/CVs/1749032828177Wil%20Letter%20.pdf', 'DPRS20', 'tut-plk', 'Pending', 1),
(160, '222700434', 'Mpho', 'Mojela', 'mojelakamogelo2@gmail.com', '0306105687082', '2003-06-10', '0658924024', 'Male', b'1', '14276', 'Nkosi street', 'Midrand', '1685', 'https://s3.eu-west-1.amazonaws.com/www.icep.co.za/CVs/1749036546254Mpho%20Kamogelo%20Mojela%20CV%202.pdf', 'https://s3.eu-west-1.amazonaws.com/www.icep.co.za/CVs/1749036555055WIL%20Letter.pdf', 'DPRS20', 'tut-plk', 'Pending', 1),
(161, '223684335', 'Hope', 'Mlimi', 'mlimihope2004@gmail.com', '0402281064087', '2004-02-28', '0725998856', 'Female', b'1', '709', '291 pretorius street', 'Pretoria', '0002', 'https://s3.eu-west-1.amazonaws.com/www.icep.co.za/CVs/1749036521695HOPE%20MLIMI%20_CV.pdf', 'https://s3.eu-west-1.amazonaws.com/www.icep.co.za/CVs/1749036684855Mlimi%20Student%20recommendation%20letters%20-%20signed-1.pdf', 'DPIF20', 'tut-sosh', 'Pending', 1),
(162, '220424138 ', 'Sonwabiso', 'Blie', 'sonwabisoblie02@gmail.com', '0101155342088', '2001-01-15', '0649727665', 'Male', b'1', '3102', 'Block L', 'Soshanguve', '0152', 'https://s3.eu-west-1.amazonaws.com/www.icep.co.za/CVs/1749038227656Sonwabiso_Blie%20.pdf', 'https://s3.eu-west-1.amazonaws.com/www.icep.co.za/CVs/1749038240818Student%20recommendation%20letters%20signed.pdf', 'DPIF20', 'tut-sosh', 'Pending', 1),
(163, '224126689', 'Lethukuthula', 'Lukhele', '2241266892tut4life.ac.za', '0310065381082', '2003-10-06', '0607204807', 'Male', b'1', '2217', 'Barcelona', 'Mbombela', '1245', 'https://s3.eu-west-1.amazonaws.com/www.icep.co.za/CVs/1749041941896Lethu%20Lukhele%20CV.pdf', 'https://s3.eu-west-1.amazonaws.com/www.icep.co.za/CVs/1749041773822Lethukuthula%20Collette%20Lukhele.pdf', 'DPRS20', 'tut-ema', 'Pending', 1),
(164, '223364861', 'Nokwethemba', 'Zulu', 'lungelozulu651@gmail.com', '0409050639080', '2004-09-05', '0729599130', 'Female', b'1', '04', 'EMANQELENI ', 'Nongoma', '3950', 'https://s3.eu-west-1.amazonaws.com/www.icep.co.za/CVs/1749043307519Completed%20CV.pdf', 'https://s3.eu-west-1.amazonaws.com/www.icep.co.za/CVs/1749043292146Recommendation%20letters%20-%20signed-15.pdf', 'DPIF20', 'tut-sosh', 'Pending', 1),
(165, '224566387', 'Austin', 'Parsons', 'Austinman079@gmail.com', '0208045908083', '2002-08-04', '0673951249', 'Male', b'1', '213 Van de', 'Pretoria Gardens', 'Pretoria', '0082', 'https://s3.eu-west-1.amazonaws.com/www.icep.co.za/CVs/1749043727248Austin%20Parsons%20CV.pdf', 'https://s3.eu-west-1.amazonaws.com/www.icep.co.za/CVs/1749043427350Students%20recommendation%20letters%20-%20signed-1.pdf', 'DPIF20', 'tut-sosh', 'Pending', 1),
(166, '221910230', 'Patience', 'Khosa', 'khosapatience22@gmail.com', '0304220520080', '2003-04-22', '0787002480', 'Female', b'1', 'Student ci', 'Garankuwa unit 9', 'Garankuwa ', '0221', 'https://s3.eu-west-1.amazonaws.com/www.icep.co.za/CVs/1749043730147Khosa%20NP%20CV.pdf', 'https://s3.eu-west-1.amazonaws.com/www.icep.co.za/CVs/1749043784587P%20KHOSA%20WIL%20LETTER-14042025204506.pdf', 'DPIT20', 'tut-sosh', 'Pending', 1),
(167, '216740092', 'Jabulile', 'Mhlanga', '216740092@tut4life.ac.za', '9912070436081', '1999-12-07', '0796083847', 'Female', b'1', 'Tut res', 'Aubrey matlakala street ', 'Soshanguve ', '0152', 'https://s3.eu-west-1.amazonaws.com/www.icep.co.za/CVs/1749044656789Jabulile%20cv.pdf', 'https://s3.eu-west-1.amazonaws.com/www.icep.co.za/CVs/1749044707574Pre-Will%20letter%20.pdf', 'DPRS20', 'tut-sosh', 'Pending', 1),
(168, '222233127', 'Funanani', 'nemaguvhuni', 'funix112@gmail.com', '0201175716087', '2002-01-17', '0661490698', 'Male', b'1', '2', 'kagiso', 'soshanguve', '0152', 'https://s3.eu-west-1.amazonaws.com/www.icep.co.za/CVs/1749044815191CV%20Nemaguvhuni%20F%20CSE.pdf', 'https://s3.eu-west-1.amazonaws.com/www.icep.co.za/CVs/1749044833337F%20Nemaguvhuni%20letter.pdf', 'DPIT20', 'tut-sosh', 'Pending', 1),
(169, '221596277', 'Sicelo', 'Sambo', '221596277@tut4life.ac.za', '9507025991089', '1995-07-02', '0763951934', 'Male', b'1', '168c', 'thambokhulu', 'thambokhulu', '1341', 'https://s3.eu-west-1.amazonaws.com/www.icep.co.za/CVs/1749048088329SICELO%20SAMBO%20CV.pdf', 'https://s3.eu-west-1.amazonaws.com/www.icep.co.za/CVs/1749048099649wil%20letter.pdf', 'DPRS20', 'tut-plk', 'Pending', 1),
(170, '223044000', 'John', 'Mashele', 'johnmashele45@gmail.com', '0306065738081', '2003-06-06', '0734423768', 'Male', b'1', '17263 ', 'Umanji', 'Soshanguve ', '0153', 'https://s3.eu-west-1.amazonaws.com/www.icep.co.za/CVs/1749048329282JOHN%20MASHELE%20CV.pdf', 'https://s3.eu-west-1.amazonaws.com/www.icep.co.za/CVs/1749048357489223044000.pdf', 'DPIF20', 'tut-sosh', 'Pending', 1),
(171, '221223845', 'Sifiso', 'Jantjie', '221223845@tut4life.ac.za', '0203295560080', '2002-03-29', '0731703648', 'Male', b'1', '6949 ', 'Mukololo Street', 'Soshanguve', '0152', 'https://s3.eu-west-1.amazonaws.com/www.icep.co.za/CVs/1749048356679Final%20new%20CV.pdf', 'https://s3.eu-west-1.amazonaws.com/www.icep.co.za/CVs/1749048374514Jantjie%20Student%20recommendation%20letters%20-%20signed-1.pdf', 'DPIF20', 'tut-sosh', 'Pending', 1),
(172, '221462890', 'Khutso', 'Mothutsi', '221462890@tut4life.ac.za', '0206126305088', '2002-06-12', '0637974995', 'Male', b'1', '30183', 'Ga maja', 'Arcadia', '0083', 'https://s3.eu-west-1.amazonaws.com/www.icep.co.za/CVs/1749048691072KhutsoCV-1%20%281%29.pdf', 'https://s3.eu-west-1.amazonaws.com/www.icep.co.za/CVs/1749048705515WIL%20generic%20recommendation%20letters%20-%20signed-8%20%281%29%20%281%29.pdf', 'DPIF20', 'tut-sosh', 'Pending', 1),
(173, '223104657', 'Sibusiso', 'Matukane', 'sbusisothando67@gmail.com', '0307215547083', '2003-07-21', '0823695623', 'Male', b'1', '0082', 'Weir Street', 'Pretoria garden ', '0082', 'https://s3.eu-west-1.amazonaws.com/www.icep.co.za/CVs/1749049018200CV_2025060316092038.pdf', 'https://s3.eu-west-1.amazonaws.com/www.icep.co.za/CVs/1749049040648Students%20recommendation%20letters%20-%20signed-15.pdf', 'DPIF20', 'tut-sosh', 'Pending', 1),
(174, '221877551', 'Lungile', 'Sibitani', 'lungilehappiness8@gmail.com', '0211141182082', '2002-11-14', '0649981854', 'Female', b'1', '6634', 'strong', 'Soshanguve', '0152', 'https://s3.eu-west-1.amazonaws.com/www.icep.co.za/CVs/1749053435452LungileSibitani.pdf', 'https://s3.eu-west-1.amazonaws.com/www.icep.co.za/CVs/1749053458001Lungile%20Sibitani%20Wil%20Letter.pdf', 'DPRS20', 'tut-sosh', 'Pending', 1),
(175, '221119690', 'Mukelani', 'Miya', 'mukelanizimiselem58@gmail.com', '9902275692083', '1999-02-27', '0606255582', 'Male', b'1', '', '', '', '', 'https://s3.eu-west-1.amazonaws.com/www.icep.co.za/CVs/1749055287417Maqhawe%20CV.pdf', 'https://s3.eu-west-1.amazonaws.com/www.icep.co.za/CVs/1749055299848Miya%20MZ%20Recommendation%20letters%20-%20signed-10.pdf', 'DPIF20', 'tut-sosh', 'Pending', 1),
(176, '222797187', 'Siphamandla', 'Ntuli', 'sntuli833@gmail.com', '0109015611089', '2001-09-01', '0724747363', 'Male', b'1', '1484', 'Aubrey Matlala', 'Soshanguve', '0152', 'https://s3.eu-west-1.amazonaws.com/www.icep.co.za/CVs/1749056919621CV.pdf', 'https://s3.eu-west-1.amazonaws.com/www.icep.co.za/CVs/1749056940914Recommendation%20Letters.pdf', 'DPIF20', 'tut-sosh', 'Pending', 1),
(177, '230276552', 'Mahlatsi', 'Dihashu', 'mahlatsidihashu@gmail.com', '0407265982089', '2004-07-26', '0673746764', 'Male', b'1', '37823', 'Kgaudi Tseke', 'Mamelodi', '0122', 'https://s3.eu-west-1.amazonaws.com/www.icep.co.za/CVs/1749056750572Mahlatsi_CV%20pdf.pdf', 'https://s3.eu-west-1.amazonaws.com/www.icep.co.za/CVs/1749056779451Dihashu%20M%20WIL%20letter.pdf', 'DPIF20', 'tut-sosh', 'Pending', 1),
(178, '224834659', 'Sthembiso', 'Ndlovu', '224834659@tut4life.ac.za', '0408286291088', '2004-08-28', '0683657773', 'Male', b'1', '39', 'Langa Cresent', 'Emalahleni', '1035', 'https://s3.eu-west-1.amazonaws.com/www.icep.co.za/CVs/1749057737131Sthembiso%20Ndlovu%20-%20CV%20PR.pdf', 'https://s3.eu-west-1.amazonaws.com/www.icep.co.za/CVs/1749057753695S.S.%20Ndlovu%20WIL%20letter..pdf', 'DPRS20', 'tut-ema', 'Pending', 1),
(179, '219950101 ', 'Keletso', 'Maepa', '219950101@tut4life.ac.za', '9909060840082', '1999-09-06', '0606190574', 'Female', b'1', 'A0169', 'R555', 'Jane furse', '1058', 'https://s3.eu-west-1.amazonaws.com/www.icep.co.za/CVs/1749057704827K%20Maepa%20cv.pdf', 'https://s3.eu-west-1.amazonaws.com/www.icep.co.za/CVs/1749057717460K%20MAEPA%20WIL%20LETTER-14042025204306%20%281%29.pdf', 'DPIT20', 'tut-sosh', 'Pending', 1),
(180, '220296466', 'GUGULETHU', 'MTETWA', 'samkelisiweg3@gmail.com', '0202270626080', '2002-02-27', '0729402792', 'Female', b'1', '826', 'PUPUPU', 'SOSHANGUVE', '0152', 'https://s3.eu-west-1.amazonaws.com/www.icep.co.za/CVs/1749065252878gugulethu%20new%20CV.pdf', 'https://s3.eu-west-1.amazonaws.com/www.icep.co.za/CVs/1749065273767Mtetwa%20G%20Recommendation%20letters%20-%20signed-15%20%281%29%20%284%29.pdf', 'DPIF20', 'tut-sosh', 'Pending', 1),
(181, '220492311', 'Mkhuleko', 'Shongwe', 'shongwem85@gmail.com', '9908075596085', '1999-07-08', '0728116669', 'Male', b'1', 'Ekhaya Jun', '346 Weir St, Pretoria Gardens, Pretoria, 0082', 'Pretoria', '0183', 'https://s3.eu-west-1.amazonaws.com/www.icep.co.za/CVs/1749069831474my%20Profile%20CV.pdf', 'https://s3.eu-west-1.amazonaws.com/www.icep.co.za/CVs/1749069861109WOC316D%20WIL%20Letter%20Recommendation%20Letter%20M%20Shongwe%20-%20signed.pdf', 'DPRS20', 'tut-sosh', 'Pending', 1),
(182, '220268004', 'Tokollo', 'Setetemela', '220268004@tut4life.ac.za', '0110180054089', '2001-10-18', '0768657167', 'Female', b'1', '6646 ', 'Nawa', 'Soshanguve ', '0152', 'https://s3.eu-west-1.amazonaws.com/www.icep.co.za/CVs/1749070982838Tokollo%20Setetemela%20CV.pdf', 'https://s3.eu-west-1.amazonaws.com/www.icep.co.za/CVs/1749071025449WIL%20LETTER%20.pdf', 'DPRS20', 'tut-sosh', 'Pending', 1),
(183, '222713536', 'Keabetswe', 'Molekwa', 'kmolekwa03@gmail.com', '0210030566082', '2002-10-03', '0721131547', 'Female', b'1', '1387', 'block bb', 'Tshwane', '0195', 'https://s3.eu-west-1.amazonaws.com/www.icep.co.za/CVs/1749074663317KEABETSWE%20CHANTEL%20MOLEKWA.pdf', 'https://s3.eu-west-1.amazonaws.com/www.icep.co.za/CVs/1749074676135KC%20MOLEKWA%20WIL%20LETTER.pdf', 'DPIT20', 'tut-sosh', 'Pending', 1),
(184, '223359736', 'Lungile', 'Phakathi', 'lungiphakz@gmail.com', '9703031102080', '1997-03-03', '0791028667', 'Female', b'1', 'W4', 'On campus res', 'Soshanguve ', '0123', 'https://s3.eu-west-1.amazonaws.com/www.icep.co.za/CVs/1749075088106CV_202505261459409.pdf', 'https://s3.eu-west-1.amazonaws.com/www.icep.co.za/CVs/1749075120642pre-wil%20later.pdf', 'DPRS20', 'tut-sosh', 'Pending', 1),
(185, '223019412', 'Maropeng', 'Malemela', 'mmalemela884@gmail.com', '0406151091088', '2004-06-15', '0790594267', 'Female', b'1', '7', '17 Budler Street', 'Nylstroom', '0510', 'https://s3.eu-west-1.amazonaws.com/www.icep.co.za/CVs/1749106229116MV%20Malemela%20Network%20Engineer%20CV.pdf', 'https://s3.eu-west-1.amazonaws.com/www.icep.co.za/CVs/1749106391643WIL%20Letter%20%281%29.pdf', 'DPIT20', 'tut-sosh', 'Pending', 1),
(186, '221687752', 'Samewell', 'Sibanda', 'samewellcray13@gmail.com', '0307135752086', '2003-07-13', '0649713825', 'Male', b'1', '1237', 'Orinoco', 'Bushbuckridge', '1285', 'https://s3.eu-west-1.amazonaws.com/www.icep.co.za/CVs/1749106646752SC%20Sibanda%20CV.pdf', 'https://s3.eu-west-1.amazonaws.com/www.icep.co.za/CVs/1749106865336SC%20Sibanda%20Pre-WIL%20letter%20.pdf', 'DPRS20', 'tut-sosh', 'Pending', 1),
(187, '240428466', 'Mahlatsi', 'Maphutha', 'luckymahlatsi65@gmail.com', '0601155508083', '2006-01-15', '0833449689', 'Male', b'1', '407', 'BBB2', 'Pretoria', '0037', 'https://s3.eu-west-1.amazonaws.com/www.icep.co.za/CVs/1749107108345Mahlatsi_Maphutha_CV_Unicode.pdf', 'https://s3.eu-west-1.amazonaws.com/www.icep.co.za/CVs/1749107558942Mahlatsi_Maphutha_WIL_Letter.pdf', 'DPRS20', 'tut-ema', 'Pending', 1),
(188, '224634773', 'Khululekani', 'Zenani', 'zenanikhululekani@gmail.com', '0402255734087', '2000-01-01', '0832865984', 'Male', b'1', '10100', 'Eshowe Street', 'Thokoza', '1426', 'https://s3.eu-west-1.amazonaws.com/www.icep.co.za/CVs/1749108542323Khululekani%20Zenani_CV.pdf', 'https://s3.eu-west-1.amazonaws.com/www.icep.co.za/CVs/1749108610946Khululekani%20Zenani.pdf', 'DPRS20', 'tut-ema', 'Pending', 1),
(189, '222679109', 'Themba', 'Radebe', 'mtemba274@gmail.com', '0111075784087', '2001-11-07', '0721115868', 'Male', b'1', '6618', 'Freedom square', 'Soshanguve', '0152', 'https://s3.eu-west-1.amazonaws.com/www.icep.co.za/CVs/1749110553729CV_OF_THEMBA%28Deni%29%20%281%29_Phoenix.pdf', 'https://s3.eu-west-1.amazonaws.com/www.icep.co.za/CVs/1749110777112RADEBE%20T%20WIL%20LETTER%282%29.pdf', 'DPIT20', 'tut-sosh', 'Pending', 1),
(190, '220462781', 'Verron', 'Magagula', '220462781@tut4life.ac.za', '0109285542089', '2001-09-28', '0711262388', 'Male', b'1', '27', 'Sunnyside ', 'Pretoria ', '0002', 'https://s3.eu-west-1.amazonaws.com/www.icep.co.za/CVs/1749113077504Verron%20Celumusa%20Magagula.pdf', 'https://s3.eu-west-1.amazonaws.com/www.icep.co.za/CVs/1749113043428DOC-20250410-WA0025..pdf', 'DPIF20', 'tut-sosh', 'Pending', 1),
(191, '222265576', 'Rivaldo', 'Modisha', 'rivaldomodisha@gmail.com', '0207276006088', '2002-07-27', '0695189011', 'Male', b'1', '26', 'Bertrams ', 'Johannesburg ', '2084', 'https://s3.eu-west-1.amazonaws.com/www.icep.co.za/CVs/1749114319608Rivaldo%20Modisha%20CV_250212_091102.pdf', 'https://s3.eu-west-1.amazonaws.com/www.icep.co.za/CVs/1749114340902Modisha%20R%20Recommendation_Letter_Generic%20-%20signed.pdf', 'DPIF20', 'tut-sosh', 'Pending', 1),
(192, '222724627', 'Sithembele', 'Zwane', '222724627@tut4life.ac.za', '0210220157080', '2002-10-22', '0818923126', 'Female', b'1', '6634', 'Soshanguve', 'Soshanguve', '0152', 'https://s3.eu-west-1.amazonaws.com/www.icep.co.za/CVs/1749120201703CV%20-%20Sithembele%20Zwane%202.pdf', 'https://s3.eu-west-1.amazonaws.com/www.icep.co.za/CVs/1749120212711Zwane%20SP%20Recommendation_Letter_Generic%20-%20signed.pdf', 'DPIF20', 'tut-sosh', 'Pending', 1),
(193, '222691133', 'Kulani', 'Mabasa', 'kulanishaunmabasa4@gmail.com', '0208185447082', '2002-08-18', '0815023186', 'Male', b'1', '20155', 'Volga Street ', 'Soweto', '1819', 'https://s3.eu-west-1.amazonaws.com/www.icep.co.za/CVs/1749122570441CV%20.pdf', 'https://s3.eu-west-1.amazonaws.com/www.icep.co.za/CVs/1749122609721pre-WIL%20later.pdf', 'DPRS20', 'tut-sosh', 'Pending', 1),
(194, '223489095', 'Kutlwano', 'Mamabolo', 'tsholomamabolo9@gmail.com', '0212190153081', '2002-12-19', '0814386965', 'Female', b'1', '623', 'BLOCK BB', 'Soshanguve ', '0152', 'https://s3.eu-west-1.amazonaws.com/www.icep.co.za/CVs/1749128592773KUTLWANO%20CV%20%283%29.pdf', 'https://s3.eu-west-1.amazonaws.com/www.icep.co.za/CVs/1749128682093K.W.T%20Mamabolo%20Annual%202024%20Report-1.pdf', 'DPIF20', 'tut-sosh', 'Pending', 1),
(195, '221402740', 'TSHEPO', 'MTUNGWA', 'tshepomtungwa6@gmail.com', '0204186176085', '2002-04-18', '0694504136', 'Male', b'1', '1277', 'BLOCK BB', 'SOSHANGUVE', '0152', 'https://s3.eu-west-1.amazonaws.com/www.icep.co.za/CVs/1749132462196Mtungwa%20CV.pdf', 'https://s3.eu-west-1.amazonaws.com/www.icep.co.za/CVs/1749132491659WIL%20LETTER.pdf', 'DPRS20', 'tut-plk', 'Pending', 1),
(196, '221771907', 'Khotso', 'Moeti', 'Mkmoetikhotso@gmail.com', '0008275398082', '2000-08-27', '0714961002', 'Male', b'1', 'M17', 'M17', 'Soshanguve', '0152', 'https://s3.eu-west-1.amazonaws.com/www.icep.co.za/CVs/1749133622208Moeti%20Khotso%20%20CV%201%20%281%29.pdf', 'https://s3.eu-west-1.amazonaws.com/www.icep.co.za/CVs/1749133678411WOC316D%20PreWIL%20Recommendation%20Letter%20-%20K%20Moeti%20-%20signed.pdf', 'DPRS20', 'tut-sosh', 'Pending', 1),
(197, '223799582', 'Luvuyo', 'Mpika', 'wisemanluvuyo10@gmail.com', '0403226031082', '2004-03-22', '0726447018', 'Male', b'1', '60', 'Heatherdale', 'Akasia', '0182', 'https://s3.eu-west-1.amazonaws.com/www.icep.co.za/CVs/1749133903294Mpika%27s%20CV.pdf', 'https://s3.eu-west-1.amazonaws.com/www.icep.co.za/CVs/1749133893143L%20MPIKA%20WIL%20LETTER-16042025085140.pdf', 'DPIT20', 'tut-sosh', 'Pending', 1),
(198, '224476159', 'mpiloenhle', 'NTANDA', '224476159@tut4life.ac.za', '0007171167088', '2000-01-01', '0670626786', 'Female', b'1', '21121', 'EASTBOURNFARM PHILISIWE ROUD', 'NEWCASTLE', '3080', 'https://s3.eu-west-1.amazonaws.com/www.icep.co.za/CVs/1749134599824Mpiloenhle%20Thandolwethu%20NtandaEmail%20mpiloenhlentanda97%40gmail.pdf', 'https://s3.eu-west-1.amazonaws.com/www.icep.co.za/CVs/1749134640666Pre-Work%20Integrated%20Learning%20%28Pre-WIL%29%20letter.pdf', 'DPRS20', 'tut-sosh', 'Pending', 1),
(199, '223508162', 'Nyiko', 'Baloi', 'nyikobaloi0@gmail.com', '0309031084085', '2003-09-03', '0761995294', 'Female', b'1', 'Sosh1 M1 R', '07 aubrey matlala', 'Soshanguve', '0152', 'https://s3.eu-west-1.amazonaws.com/www.icep.co.za/CVs/1749136465427NyikoInfCV%20%281%29.pdf', 'https://s3.eu-west-1.amazonaws.com/www.icep.co.za/CVs/1749136164801WIL%20letter.pdf', 'DPIF20', 'tut-sosh', 'Pending', 1),
(200, '230874123', 'Musawenkosi', 'Manzini', 'manziniarchives@gmail.com', '0504065073083', '2005-04-06', '0760123729', 'Male', b'1', '401 Block ', 'Mmutla Street', 'Soshanguve , Pretoria', '0152', 'https://s3.eu-west-1.amazonaws.com/www.icep.co.za/CVs/1749139187752Musawenkosi%20Manzini%20ICEP.pdf', 'https://s3.eu-west-1.amazonaws.com/www.icep.co.za/CVs/1749139208473MS%20MANZINI.pdf', 'DPRS20', 'tut-ema', 'Pending', 1),
(201, '224505868', 'Nontokozo', 'Zulu', 'nontokozosphephile19@gmail.com', '0201220336089', '2002-01-22', '0660361753', 'Female', b'1', '3483', 'Strong street ', 'Soshanguve ', '0002', 'https://s3.eu-west-1.amazonaws.com/www.icep.co.za/CVs/1749140343252Nontokozo%20Sphephile%20Zulu%20CV.pdf', 'https://s3.eu-west-1.amazonaws.com/www.icep.co.za/CVs/1749140356816NS%20ZULU%20WIL%20LETTER.pdf', 'DPIT20', 'tut-sosh', 'Pending', 1),
(202, '223855199', 'Phathutshedzo', 'Mulaudzi', 'phathutshedzohmulaudzi@gmail.com', '0405215676082', '2004-05-21', '0796060885', 'Male', b'1', '17661/45', '102 pepperTree street', 'Protea Glen ext 8', '1819', 'https://s3.eu-west-1.amazonaws.com/www.icep.co.za/CVs/1749150537764Phathutshedzo%20Mulaudzi%20CV%20updated.pdf', 'https://s3.eu-west-1.amazonaws.com/www.icep.co.za/CVs/1749150563405preWil.pdf', 'DPRS20', 'tut-sosh', 'Pending', 1),
(203, '220926494', 'Eltas', 'Makhubele', '220926494@tut4life.ac.za', '0101081283083', '2001-01-08', '0729589570', 'Female', b'1', '6095', 'Mhlongo street', 'Makhado', '0960', 'https://s3.eu-west-1.amazonaws.com/www.icep.co.za/CVs/1749153172855ELTAS%20MAKHUBELEcv.pdf', 'https://s3.eu-west-1.amazonaws.com/www.icep.co.za/CVs/1749153209973Eltas%20Makhubela.pdf', 'DPRS20', 'tut-ema', 'Pending', 1),
(204, '220319849 ', 'Precious', 'Hlahla', 'precioushlahla02@gmail.com', '0102201188087 ', '2001-02-20', '0766256734', 'Female', b'1', '69/2 ', 'Tongaview ', 'Komatipoort ', '1341', 'https://s3.eu-west-1.amazonaws.com/www.icep.co.za/CVs/1749153200957Curriculum%20Vitae%20PPH%20%282%29.pdf', 'https://s3.eu-west-1.amazonaws.com/www.icep.co.za/CVs/1749153245678Students%20recommendation%20letters%20-%20signed-11.pdf', 'DPIF20', 'tut-sosh', 'Pending', 1),
(205, '223554555', 'Andanani', 'Matshili', 'andananiandy@gmail.com', '9812185965083', '1998-12-18', '0694336720', 'Male', b'1', '02 ', 'Aubrey Matlakala Rd', 'Soshanguve', '0152', 'https://s3.eu-west-1.amazonaws.com/www.icep.co.za/CVs/1749159983803Andanani%20Matshili%20CV.pdf', 'https://s3.eu-west-1.amazonaws.com/www.icep.co.za/CVs/1749159999986Andanani%20Matshili%20PreWIL%20letter.pdf', 'DPRS20', 'tut-sosh', 'Pending', 1),
(206, '224799756', 'Sbonelo', 'Nhlebela', 'sbonelonhlebela02@gmail.com', '0206276149088', '2002-06-27', '0765534922', 'Male', b'1', '', '', 'JOZINI', '3969', 'https://s3.eu-west-1.amazonaws.com/www.icep.co.za/CVs/1749173872833S%20NHLEBELA%20MERGED%20CV.pdf', 'https://s3.eu-west-1.amazonaws.com/www.icep.co.za/CVs/1749173892118WIL_LETTER.pdf', 'DPIT20', 'tut-sosh', 'Pending', 1),
(207, '223110568', 'Khensani', 'Khoza', '223110568@tut4life.ac.za', '0306100551085', '2003-06-10', '0760164278', 'Female', b'1', '8597', 'Ext19', 'Mokopane', '0601', 'https://s3.eu-west-1.amazonaws.com/www.icep.co.za/CVs/1749197371819CV.pdf', 'https://s3.eu-west-1.amazonaws.com/www.icep.co.za/CVs/1749197402386WIL%20Letter%20.pdf', 'DPRS20', 'tut-plk', 'Pending', 1),
(208, '230058253', 'MAMPE', 'MAIMELA', '230058253@tut4life.ac.za', '0307275182086', '2003-07-27', '0762962068', 'Male', b'1', 'Stand no D', 'Sedawa village', 'Tzaneen ', '0890', 'https://s3.eu-west-1.amazonaws.com/www.icep.co.za/CVs/1749196660810Osama%20CV.pdf', 'https://s3.eu-west-1.amazonaws.com/www.icep.co.za/CVs/1749197539175web.ws25pkg.pdf', 'DPIF20', 'tut-sosh', 'Pending', 1),
(209, '213423924', 'Tokele', 'Mampuru', 'tokelob@gmail.com', '9005010983088', '1990-05-01', 'tokelob@gmail', 'Female', b'1', '10184', 'Lerajane', 'Mohlaletse', '0739', 'https://s3.eu-west-1.amazonaws.com/www.icep.co.za/CVs/1749199890134CV_TL%20Bogale.pdf', 'https://s3.eu-west-1.amazonaws.com/www.icep.co.za/CVs/1749197932488IDC%20LETTER.pdf', 'DPIT20', 'tut-sosh', 'Pending', 1),
(210, '222118050', 'Lebogang', 'Sekgala', 'sekgalaleboganglindiwe@gmail.com', '0206210930080', '2002-06-21', '0825395053', 'Female', b'1', '686', 'schaumburg plot 109', 'Brits', '0232', 'https://s3.eu-west-1.amazonaws.com/www.icep.co.za/CVs/1749210150385Lindiwe%20CV.pdf', 'https://s3.eu-west-1.amazonaws.com/www.icep.co.za/CVs/1749210145122Letter%20of%20WIL.pdf', 'DPRS20', 'tut-sosh', 'Pending', 1),
(211, '232172967', 'Vutlhari', 'Maswanganyi', '232172967@tut4life.ac.za', '0309230309085', '0000-00-00', '0798241392', 'Female', b'1', '687', 'Makoti', 'Ramotshinyadi Village', ' 0850', 'https://s3.eu-west-1.amazonaws.com/www.icep.co.za/CVs/1749214868059VUTLHARI%20MASWANGANYI%20CV%20%281%29.pdf', 'https://s3.eu-west-1.amazonaws.com/www.icep.co.za/CVs/1749214920557Wil_Proof.pdf', 'DPRS20', 'tut-plk', 'Pending', 1),
(212, '224555741', 'Boitumelo', 'Molekoa', '224555741@tut4life.ac.za', '0310040964085', '2003-10-04', '0691953001', 'Female', b'1', '3046', 'Kgwerano street ', 'Soshanguve', '0152', 'https://s3.eu-west-1.amazonaws.com/www.icep.co.za/CVs/1749231799394curriculum%20vitae.PDF', 'https://s3.eu-west-1.amazonaws.com/www.icep.co.za/CVs/1749231563218PreWil%20Letter.pdf', 'DPRS20', 'tut-sosh', 'Pending', 1),
(213, '219502010', 'Navy', 'Chauke', 'navychauke590@gmail.com', '9804145668089', '1998-04-14', '0835945924', 'Male', b'1', '296', 'Justice Mohamed Street', 'Sunnyside', '0002', 'https://s3.eu-west-1.amazonaws.com/www.icep.co.za/CVs/1749249221814CV%20%282%29.pdf', 'https://s3.eu-west-1.amazonaws.com/www.icep.co.za/CVs/1749249017683Recommendation%20Letters%20-%20signed-3.pdf', 'DPIF20', 'tut-sosh', 'Pending', 1),
(214, '224631197', 'Amogelang', 'Thomson', 'amogelangthompson@gmail.com', '0406076582088', '2000-06-07', '0670729097', 'Male', b'1', '6681', 'Sabelo Phama', 'johannesburg', '2189', 'https://s3.eu-west-1.amazonaws.com/www.icep.co.za/CVs/1749271296090Updated_Amogelang_CV.pdf', 'https://s3.eu-west-1.amazonaws.com/www.icep.co.za/CVs/1749271318967Amogelang%20Thomson%C3%82%C2%A0.pdf', 'DPRS20', 'tut-ema', 'Pending', 1),
(215, '218325513', 'Percy', 'Molalose', 'molalosepercy@gmail.com', '9904035896087', '1999-04-03', '0647392045', 'Male', b'1', '2097', 'BLOCK L', 'SOSHANGUVE', '0152', 'https://s3.eu-west-1.amazonaws.com/www.icep.co.za/CVs/1749274068043Molalose%20CV.pdf', 'https://s3.eu-west-1.amazonaws.com/www.icep.co.za/CVs/1749274075308PX%20MOLALOSE%20WIL%20LETTER%20.pdf', 'DPIT20', 'tut-sosh', 'Pending', 1),
(216, '214285835', 'Tsepiso', 'Tukulo', '214285835@tut4life.ac.za', '9508215592083', '1995-08-21', '0715810447', 'Male', b'1', '07', 'Aubrey Matlala Road Block L soshanguve', 'Soshanguve', '0152 ', 'https://s3.eu-west-1.amazonaws.com/www.icep.co.za/CVs/1749281812797Tsepiso%20Elton%20Tukulo%20-%20Copy.pdf', 'https://s3.eu-west-1.amazonaws.com/www.icep.co.za/CVs/1749281822881TE%20TUKULO%20WIL%20LETTER-14042025204606.pdf', 'DPIT20', 'tut-sosh', 'Pending', 1),
(217, '220394182', 'Ripfumelo', 'Nkuna', 'Ripfumelonkuna5@gmail.com', '0104040267088', '2001-04-04', '0718513617', 'Female', b'1', '', '624 pretorius Street ', 'Pretoria ', '0083', 'https://s3.eu-west-1.amazonaws.com/www.icep.co.za/CVs/1749283156918CV_.pdf', 'https://s3.eu-west-1.amazonaws.com/www.icep.co.za/CVs/1749283172133pre%20wil%20letter.pdf', 'DPRS20', 'tut-sosh', 'Pending', 1),
(218, '224320353', 'Mapula', 'Mpelane', 'mapulampelane71@gmail.com', '0206201223081', '2002-06-20', '0659844255', 'Female', b'1', '56', 'Railway street', 'Polokwane', '0699', 'https://s3.eu-west-1.amazonaws.com/www.icep.co.za/CVs/1749287217981MAPULA%20MPELANE%20CV.pdf', 'https://s3.eu-west-1.amazonaws.com/www.icep.co.za/CVs/1749287229454WIL%20letter.pdf', 'DPRS20', 'tut-plk', 'Pending', 1),
(219, '224173881', 'Munei', 'Rambelani', 'franklinmunei@gmail.com', '0406106504086', '2004-06-10', '0676752628', 'Male', b'1', '8', 'camphers street', 'Sharonalea', '2194', 'https://s3.eu-west-1.amazonaws.com/www.icep.co.za/CVs/1749291409607Munei%20Franklin%20RambelaniCV.pdf', 'https://s3.eu-west-1.amazonaws.com/www.icep.co.za/CVs/1749291452083Munei%20Franklin%20Rambelani.pdf', 'DPRS20', 'tut-ema', 'Pending', 1),
(220, '231933271', 'MADIMETJA', 'KGOBE', 'kgobemadimetja257@gmail.com', '0411025713081', '2004-11-02', '0818461529', 'Male', b'1', 'A105 GAMOK', 'STEVE BIKO', 'MOKOPANE', '0621', 'https://s3.eu-west-1.amazonaws.com/www.icep.co.za/CVs/1749294497449MADIMETJA%20KGOBE%20CV.pdf', 'https://s3.eu-west-1.amazonaws.com/www.icep.co.za/CVs/1749294521068WIL%20LETTER.pdf', 'DPRS20', 'tut-plk', 'Pending', 1),
(221, '223095615', 'Sbongile', 'Dhladhla', '223095615@tut4life.ac.za', '0203230681082', '2002-03-23', '0716214681', 'Female', b'1', '59', 'W.F. Nkomo street', 'Pretoria ', '0008', 'https://s3.eu-west-1.amazonaws.com/www.icep.co.za/CVs/1749299722095SBONGILE%20REBECCA%20DHLADHLA%20CV%281%29.pdf', 'https://s3.eu-west-1.amazonaws.com/www.icep.co.za/CVs/1749299767294SR%2520DHLADHLA%2520WIL%2520LETTER%281%29%281%29.pdf', 'DPIT20', 'tut-sosh', 'Pending', 1),
(222, '223941117', 'Lebogang', 'Tala', 'letau202@gmail.com', '0207011180081', '2002-07-01', '0764393889', 'Female', b'1', '', 'Mashabela', 'Polokwane', '1059', 'https://s3.eu-west-1.amazonaws.com/www.icep.co.za/CVs/1749303584574CV%20Lebogang%20Tala%201.pdf', 'https://s3.eu-west-1.amazonaws.com/www.icep.co.za/CVs/1749303647935Lebo11.pdf', 'DPRS20', 'tut-sosh', 'Pending', 1),
(223, '220324672', 'Katleho', 'Ramaebeebe', 'katfx1356@gmail.com', '0106265633086', '2001-06-26', '0783281323', 'Male', b'1', '17', 'Diederich St', 'Witbank', '1034', 'https://s3.eu-west-1.amazonaws.com/www.icep.co.za/CVs/1749306509081KATLEHO%20RAMAEBEEBE%20%281%29_compressed.pdf', 'https://s3.eu-west-1.amazonaws.com/www.icep.co.za/CVs/1749306531451WIL%20letter.pdf', 'DPRS20', 'tut-ema', 'Pending', 1),
(224, '222958431', 'Samukelo', 'Khumalo', '222958431@tut4life.ac.za', '0305031152088', '2003-05-03', '0631447448', 'Female', b'1', '103', 'Mampho Street', 'Midrand,Ivory Park', '1693', 'https://s3.eu-west-1.amazonaws.com/www.icep.co.za/CVs/1749309054650Khumalo%20SM%20CV.pdf', 'https://s3.eu-west-1.amazonaws.com/www.icep.co.za/CVs/1749309107133WIL%20LETTER.pdf', 'DPRS20', 'tut-plk', 'Pending', 1),
(225, '220782018', 'Precious', 'Tautau', 'lptau17@gmail.com', '0104170393086', '2001-04-17', '0662717406', 'Female', b'1', '21', 'Pine', 'Cullinan ', '1000', 'https://s3.eu-west-1.amazonaws.com/www.icep.co.za/CVs/1749313361192resume25.pdf', 'https://s3.eu-west-1.amazonaws.com/www.icep.co.za/CVs/1749313649074PL%20TAU%20WIL%20letter.pdf', 'DPIT20', 'tut-sosh', 'Pending', 1),
(226, '220219640', 'siyabaonga', 'THABANE', 'rewardthabane26@gmail.com', '0006266017083', '2000-06-26', '0794599665', 'Male', b'1', '4543', 'manyeleti street ', 'MANYELETI ROAD', '1360', 'https://s3.eu-west-1.amazonaws.com/www.icep.co.za/CVs/1749317686193reward.pdf', 'https://s3.eu-west-1.amazonaws.com/www.icep.co.za/CVs/1749317075660Recommendation%20Letters%20-%20signed-9.pdf', 'DPIF20', 'tut-sosh', 'Pending', 1),
(227, '223296386', 'Ndivho', 'Ramatshimbila', 'ndivhoramatshimbila@gmail.com', '0211090823082', '2002-11-09', '0682622838', 'Female', b'1', '21423', 'Kei Street', 'Protea Glen', '1834', 'https://s3.eu-west-1.amazonaws.com/www.icep.co.za/CVs/1749360013369MyCV.pdf', 'https://s3.eu-west-1.amazonaws.com/www.icep.co.za/CVs/1749360069490Ndivho%20Ramatshimbila%20WIL%20Letter.pdf', 'DPRS20', 'tut-ema', 'Pending', 1),
(228, '223455310', 'Boitshepo', 'Mathabathe', '223455310@tut4life.ac.za', '0302065591083', '2003-02-06', '0659655698', 'Male', b'1', '4688 Unit ', 'Bopelonomi st', 'Hammanskraal', '0407', 'https://s3.eu-west-1.amazonaws.com/www.icep.co.za/CVs/1749367722788Mr%20B%20Mathabathe%27s%20Resume.pdf', 'https://s3.eu-west-1.amazonaws.com/www.icep.co.za/CVs/1749367767989PreWIL%20recommendation%20letter%20-%20B%20Mathabathe.pdf', 'DPRS20', 'tut-sosh', 'Pending', 1),
(229, '219243120', 'David', 'Masiya', '219243120@tut4life.ac.za', '9709285911084', '1997-09-28', '0711916851', 'Male', b'1', '453', 'Sekgothi', 'Tzaneen', '0837', 'https://s3.eu-west-1.amazonaws.com/www.icep.co.za/CVs/1749369272172David%20Masiya%20CV%20programming%20word.pdf', 'https://s3.eu-west-1.amazonaws.com/www.icep.co.za/CVs/1749369325102recommendation%20letter%20D%20Masiya%20.pdf', 'DPIF20', 'tut-sosh', 'Pending', 1),
(230, '216720440', 'Thato', 'mangwane', '1leville1tg@gmail.com', '9805235105080', '1998-05-23', '0839640983', 'Male', b'1', '1878', 'zone 3 seshego', 'Polokwane', '0742', 'https://s3.eu-west-1.amazonaws.com/www.icep.co.za/CVs/1749370708352CV%20it.pdf', 'https://s3.eu-west-1.amazonaws.com/www.icep.co.za/CVs/1749370744547CV%20it.pdf', 'DPIT20', 'tut-plk', 'Pending', 1),
(231, '223236952', 'AMAHLE', 'MCHUNU', 'amahlex3@gmail.com', '0405051303080', '2004-05-05', '0634450951', 'Female', b'1', '1935', '17 DIEDERICHS', 'WITBANK', '3510', 'https://s3.eu-west-1.amazonaws.com/www.icep.co.za/CVs/1749379474514CV%20-%20MCHUNU%20AX.pdf', 'https://s3.eu-west-1.amazonaws.com/www.icep.co.za/CVs/1749379484234WIL%20letter.pdf', 'DPRS20', 'tut-ema', 'Pending', 1),
(232, '222201179', 'Tshepo', 'Nkosi', 'nkositshepo09@gmail.com', '0209095402084', '2002-09-09', '0677987365', 'Male', b'1', '671 ', 'Rivonia', 'Hospital View', '1632', 'https://s3.eu-west-1.amazonaws.com/www.icep.co.za/CVs/1749380732917cv.pdf', 'https://s3.eu-west-1.amazonaws.com/www.icep.co.za/CVs/1749380963212wil%20letter.pdf', 'DPRS20', 'tut-ema', 'Pending', 1),
(233, '222302781', 'Kulane', 'Mhlongo', 'mhlongokulane@gmail.com', '0212041262081', '2002-12-04', '0789108715', 'Female', b'1', '131', 'Block nine(9)', 'Tzaneen ', '0850', 'https://s3.eu-west-1.amazonaws.com/www.icep.co.za/CVs/1749398456711Kulane.pdf', 'https://s3.eu-west-1.amazonaws.com/www.icep.co.za/CVs/1749398363914Kulane%20Mhlongo.pdf', 'DPRS20', 'tut-ema', 'Pending', 1),
(234, '222899621', 'Siphelelo', 'Mbuyisa', 'siphelelombuyisa@gmail.com', '0207245848081', '2002-07-24', '0685703799', 'Male', b'1', '52', 'Phelandaba durnacol', 'Newcastle', '3080', 'https://s3.eu-west-1.amazonaws.com/www.icep.co.za/CVs/1749408691927Siphelelo%20Mbuyisa%20CV.pdf', 'https://s3.eu-west-1.amazonaws.com/www.icep.co.za/CVs/1749408786129SS%20MBUYISA%20WIL%20LETTER.pdf', 'DPIT20', 'tut-sosh', 'Pending', 1),
(235, '224669348', 'Tetelo', 'Pitsi', '224669348@tut4life.ac.za', '0303315484987', '2003-03-31', '0663346944', 'Male', b'1', '07', 'Aubrey Matlala Road', 'Pretoria', '0152', 'https://s3.eu-west-1.amazonaws.com/www.icep.co.za/CVs/1749426234562CV1.pdf', 'https://s3.eu-west-1.amazonaws.com/www.icep.co.za/CVs/1749426139920T%20PITSI%20WIL%20LETTER-14042025204532.pdf', 'DPIT20', 'tut-sosh', 'Pending', 1),
(236, '221374142', 'Melokuhle', 'Mzobe', 'mzobemelokuhle@gmail.com', '0303160266084', '2003-03-16', '0638279290', 'Female', b'1', '', '10 Meyer Street', 'Triomf,Johannesburg', '2092', 'https://s3.eu-west-1.amazonaws.com/www.icep.co.za/CVs/1749426229923Melo%27s%20CV_090702.pdf', 'https://s3.eu-west-1.amazonaws.com/www.icep.co.za/CVs/1749426481738Melokuhle.pdf', 'DPRS20', 'tut-sosh', 'Pending', 1),
(237, '222694043', 'THOBELANI', 'NDLOVU', 'thobezime035@gmail.com', '0008080888087', '2000-08-08', '0726957106', 'Female', b'1', 'No.1', 'KwaHlathi ', 'Washbank', '2920', 'https://s3.eu-west-1.amazonaws.com/www.icep.co.za/CVs/1749430297672Sibuyiselwe%20Ndlovu%20cv.pdf', 'https://s3.eu-west-1.amazonaws.com/www.icep.co.za/CVs/1749430310529Ndlovu%20TS%20Recommendation_Letter_Generic%20-%20signed.pdf', 'DPIF20', 'tut-sosh', 'Pending', 1),
(238, '222688205', 'Snethemba', 'Mthethwa', 'msnethemba505@gmail.com', '0207030418082', '2002-07-03', '0718158683', 'Female', b'1', '7729', 'Mhiri', 'Pretoria west ', '0008', 'https://s3.eu-west-1.amazonaws.com/www.icep.co.za/CVs/1749453536153MISS%20S.A%20MTHETHWA%20RESUME.pdf', 'https://s3.eu-west-1.amazonaws.com/www.icep.co.za/CVs/1749453576506S%20Mthethwa%20Recommendation_Letter_Generic%20-%20signed%20%281%29%20%281%29.pdf', 'DPIF20', 'tut-sosh', 'Pending', 1),
(239, '230850097', 'Manuel', 'Mapoulo', 'manuelthabisomapoulo@gmail.com', '0502186251083', '2005-02-18', '0783662532', 'Male', b'1', '577', 'ditshaba', 'Polokwane', '0699', 'https://s3.eu-west-1.amazonaws.com/www.icep.co.za/CVs/1749467789919CVDOCUMENT.pdf', 'https://s3.eu-west-1.amazonaws.com/www.icep.co.za/CVs/1749467810148wil_letter.pdf', 'DPRS20', 'tut-plk', 'Pending', 1),
(240, '222108144', 'Michael', 'Sibanda', '0740295373ms@gmail.com', '03265986255', '2000-01-01', '0817134203', 'Male', b'1', '', '', 'Soshanguve', '0152', 'https://s3.eu-west-1.amazonaws.com/www.icep.co.za/CVs/1749468140089Sibnada%200205056425080%20mer.pdf', 'https://s3.eu-west-1.amazonaws.com/www.icep.co.za/CVs/1749468144775Sibnada%200205056425080%20cv.pdf', 'DPIF20', 'tut-sosh', 'Pending', 1),
(241, '74126863', 'Blessing', 'Netshodwe', 'waneexw@gmail.com', '852066352', '2000-01-01', '74269963', 'Male', b'1', '2354', 'jhghef', 'sosha', '0152', 'https://s3.eu-west-1.amazonaws.com/www.icep.co.za/CVs/1749469601973QUALIFICATION_LOGBOOK_DIPLOMA_IN_COMPUTER_SCIENCE_EXTENDED_DPRSF0.pdf', 'https://s3.eu-west-1.amazonaws.com/www.icep.co.za/CVs/1749469605395SKM_C45825051916401_250519_173312%20%281%29.pdf', 'DPIF20', 'tut-plk', 'Pending', 1),
(242, '222863317', 'Calvin', 'Molakeng', 'molakengcalvin@gmail.com', '0110025968089', '2001-10-02', '0710506325', 'Male', b'1', '700', 'Aubrey Matlakala Road', 'Soshanguve L', '0164', 'https://s3.eu-west-1.amazonaws.com/www.icep.co.za/CVs/1749473754973My%20Updated%20C.V.pdf', 'https://s3.eu-west-1.amazonaws.com/www.icep.co.za/CVs/1749473970067SKM_C55825052812160.pdf', 'DPRS20', 'tut-sosh', 'Pending', 1),
(243, '222135583', 'Mkhuseli', 'Gqagqa', 'mkhustergqagqa@gmail.com', '0012206504081', '2000-12-20', '0717530760', 'Male', b'1', '', 'Block K, 2 Aubrey Matlakala St, Soshanguve - K, So', 'Soshanguve', '0152', 'https://s3.eu-west-1.amazonaws.com/www.icep.co.za/CVs/1749475959634Mkhuseli%27s%20CV.pdf', 'https://s3.eu-west-1.amazonaws.com/www.icep.co.za/CVs/1749475989144M%20GQAGQA%20WIL%20LETTER-14042025204438.pdf', 'DPIT20', 'tut-sosh', 'Pending', 1),
(244, '221906241', 'Panuel', 'kgabo', 'mabyekgabo15@gmail.com', '0212175739086', '2002-12-17', '0712262176', 'Male', b'1', '490', 'General De Wet Street', 'Pretoria noord', '0182', 'https://s3.eu-west-1.amazonaws.com/www.icep.co.za/CVs/1749476491595ilovepdf_merged.pdf', 'https://s3.eu-west-1.amazonaws.com/www.icep.co.za/CVs/1749476506960Mabye%20Student%20recommendation%20letters%20-%20signed-1.pdf', 'DPIF20', 'tut-sosh', 'Pending', 1),
(245, '224220367', 'Angel', 'MATOTO', 'angelmatoto99@gmail.com', '0403301359085', '2004-03-30', '0630158754', 'Female', b'1', '11', 'Sturdee Avenue', 'eMalahleni', '1035', 'https://s3.eu-west-1.amazonaws.com/www.icep.co.za/CVs/1749478361733ANGEL_RESUME.pdf', 'https://s3.eu-west-1.amazonaws.com/www.icep.co.za/CVs/1749478375672Angel%20Lerato%20Matoto_WIL.pdf', 'DPRS20', 'tut-ema', 'Pending', 1),
(246, '222923190', 'Tadiwanashe', 'Songore', 'tadiwasongore@gmail.com', 'FN880005', '2004-04-03', '0629622755', 'Male', b'1', '2', 'Olympus Road', 'Johannesburg South', '2197', 'https://s3.eu-west-1.amazonaws.com/www.icep.co.za/CVs/1749478617665TADIWANASHE%20CV.pdf', 'https://s3.eu-west-1.amazonaws.com/www.icep.co.za/CVs/1749478574243scan_songore.tb_2025-06-09-13-40-11.pdf', 'DPRS20', 'tut-sosh', 'Pending', 1),
(247, '223042694', 'Minenhle', 'Ngwenya', '223042694@tut4life.ac.za', '0311020662087', '2003-01-21', '0633625509', 'Female', b'1', '0164', 'Soshanguve LKK', 'pretoria', '1020', 'https://s3.eu-west-1.amazonaws.com/www.icep.co.za/CVs/1749485360989Minenhle%27s%20CV.pdf', 'https://s3.eu-west-1.amazonaws.com/www.icep.co.za/CVs/1749485360656Pre%20WIL%20Letter.pdf', 'DPRS20', 'tut-sosh', 'Pending', 1),
(248, '224385072', 'Shadrack', 'Manyage', 'manyagems1@gmail.com', '0312076012086', '2003-07-12', '0724143486', 'Male', b'1', '403', 'Gerhard Moerdyk st', 'pretoria', '0002', 'https://s3.eu-west-1.amazonaws.com/www.icep.co.za/CVs/1749486523109CV.pdf', 'https://s3.eu-west-1.amazonaws.com/www.icep.co.za/CVs/1749486530364wil.pdf', 'DPRS20', 'tut-sosh', 'Pending', 1);
INSERT INTO `student` (`id`, `student_id`, `firstname`, `lastname`, `email`, `idno`, `dob`, `phoneNo`, `gender`, `outstanding`, `houseNo`, `streetName`, `town`, `code`, `cv_file`, `recommendation_file`, `course_id`, `campus_id`, `status`, `post_id`) VALUES
(249, '250999437', 'Reitumetse', 'Euridice', 'reitutumi31@gmail.com', '0409090477087', '2004-09-09', '0720844286', 'Female', b'1', '5972', 'Tshega', 'Soshanguve ', '0152', 'https://s3.eu-west-1.amazonaws.com/www.icep.co.za/CVs/1749487371108Cv%20reitu%20WIL.pdf', 'https://s3.eu-west-1.amazonaws.com/www.icep.co.za/CVs/1749487485962CoverLetter%20WIL%20.pdf', 'DPRS20', 'tut-sosh', 'Pending', 1),
(250, '224113951', 'TerrenceNeo', 'Mkhabela', 'Terrenceneo8@gmail.com', '0405045873081', '2004-05-04', '0691005744', 'Male', b'1', '1613', '1341 EMANGWENI', 'Nelspruit', '1341', 'https://s3.eu-west-1.amazonaws.com/www.icep.co.za/CVs/1749489324297CV.%20Mr%20NT.pdf', 'https://s3.eu-west-1.amazonaws.com/www.icep.co.za/CVs/1749489327990Recommendation%20Letters%20-%20signed-6.pdf', 'DPIF20', 'tut-sosh', 'Pending', 1),
(251, '224170998', 'Basimane', 'Ntalenyane', 'bntalenyane1.bn@gmail.com', '0011205430082', '2000-11-20', '0730211825', 'Male', b'1', '6837', 'Mpinga', 'Kagiso 2', '1754', 'https://s3.eu-west-1.amazonaws.com/www.icep.co.za/CVs/1749501397175BT%20Ntalenyane%20%20Cv.pdf', 'https://s3.eu-west-1.amazonaws.com/www.icep.co.za/CVs/1749501413713Ntalenyane%20Basimane%20Titus%20will%20letter.pdf', 'DPRS20', 'tut-ema', 'Pending', 1),
(252, '223099238', 'Mponiswa', 'Ngobeni', '223099238@tut4life.ac.za', '0410310172086', '2004-10-31', '0724714796', 'Female', b'1', '18', 'Tshivhase', 'Atteridgeville', '0008', 'https://s3.eu-west-1.amazonaws.com/www.icep.co.za/CVs/1749502329944Mponiswa%20Ngobeni%27s%20CV....pdf', 'https://s3.eu-west-1.amazonaws.com/www.icep.co.za/CVs/1749502368065M%20NGOBENI%20WIL%20LETTER%202.pdf', 'DPIT20', 'tut-sosh', 'Pending', 1),
(253, '221566653', 'DIMPHO', 'Mahwibila', '221566653@tut4life.ac.za', '0205290381081', '2002-05-29', '0646473287', 'Female', b'1', '2128', 'Zone 5g  Seshego', 'Polokwane', '0742', 'https://s3.eu-west-1.amazonaws.com/www.icep.co.za/CVs/1749506488330Mahwibila%20Dimpho%20CV.pdf', 'https://s3.eu-west-1.amazonaws.com/www.icep.co.za/CVs/1749506666630Adobe%20Scan%2009%20Jun%202025.pdf', 'DPRS20', 'tut-sosh', 'Pending', 1),
(254, '224547765', 'Thandeka', 'Mthethwa', '224547765@tut4life.ac.za', '0405300459089', '2004-05-30', '0799392821', 'Female', b'1', '39', 'Langa Crescent ', 'Emalahleni ', '1039', 'https://s3.eu-west-1.amazonaws.com/www.icep.co.za/CVs/1749514913847scan_kotlolosmk_2025-05-06-14-28-54.pdf', 'https://s3.eu-west-1.amazonaws.com/www.icep.co.za/CVs/1749514888126TI%20MTHETHWA%C3%82%C2%A0.pdf', 'DPRS20', 'tut-ema', 'Pending', 1),
(255, '220771415', 'LWANDILE', 'MTSHALI', '220771415@tut4life.ac.za', '0203186380085', '2002-03-18', '0727118241', 'Male', b'1', '388', 'Grenade Crescent Soshanguve-M ', 'Soshanguve', '0152', 'https://s3.eu-west-1.amazonaws.com/www.icep.co.za/CVs/1749394741978LWANDILE-CEBELIHLE-MTSHALI-FlowCV-Resume-20250604.pdf', 'https://s3.eu-west-1.amazonaws.com/www.icep.co.za/CVs/1749394776263Wil%20letter.pdf', 'DPRS20', 'tut-sosh', 'Pending', 1),
(256, '223141692', 'Nondumiso', 'Xulu', 'nondumisoxulu170@gmail.com', '0306091111089', '2003-06-09', '0617309218', 'Female', b'1', '', '9 Langa Crescent ', 'Witbank', '1035', 'https://s3.eu-west-1.amazonaws.com/www.icep.co.za/CVs/1749545354695Nondumiso_XuluCV.pdf', 'https://s3.eu-west-1.amazonaws.com/www.icep.co.za/CVs/1749544836022WIL%20Letter.pdf', 'DPRS20', 'tut-ema', 'Pending', 1),
(257, '224181973', 'Zanele', 'Mabuza', 'zlinamabuza@gmail.com', '0210180643087', '2002-10-18', '0664287331', 'Female', b'1', '426', 'Daffodil ', 'Ermelo ', '2350', 'https://s3.eu-west-1.amazonaws.com/www.icep.co.za/CVs/1749546284214ZANELE_MABUZA_CURRICULUM%20VITAE.pdf', 'https://s3.eu-west-1.amazonaws.com/www.icep.co.za/CVs/1749546304649ZANELE_MABUZA_WIL_LETTER.pdf', 'DPRS20', 'tut-ema', 'Pending', 1),
(258, '232040645', 'Aphile', 'Khumalo', 'aphilekhumalo19@gmail.com', '0403115747087', '2004-03-11', '0712802672', 'Male', b'1', '1179', 'Mr17 st', 'Newcastle', '2951', 'https://s3.eu-west-1.amazonaws.com/www.icep.co.za/CVs/1749548591146Aphile_Khumalo_Full_CV_Long.pdf', 'https://s3.eu-west-1.amazonaws.com/www.icep.co.za/CVs/1749548611603A.%20S.%20M.%20Khumalo%C3%82%C2%A0.pdf', 'DPRS20', 'tut-ema', 'Pending', 1),
(259, '224549016', 'Siyabonga', 'Ndlovu', '224549016@tut4life.ac.za', '0304235664089', '2003-04-23', '0712435195', 'Male', b'1', '520', 'Mandela st', 'kwamhlanga', '1022', 'https://s3.eu-west-1.amazonaws.com/www.icep.co.za/CVs/1749550236850Ndlovu%20SI%20%20CV%20-pdf.pdf', 'https://s3.eu-west-1.amazonaws.com/www.icep.co.za/CVs/1749550249310Ndlovu%20SI.pdf', 'DPRS20', 'tut-ema', 'Pending', 1),
(260, '223382240', 'Bongani', 'Mathe', 'matheb239@gmail.com', '0311125945080', '2003-11-12', '0681581116', 'Male', b'1', '1527', 'Bushveld street', 'Mabopane', '0198', 'https://s3.eu-west-1.amazonaws.com/www.icep.co.za/CVs/1749552674359Bongani.pdf', 'https://s3.eu-west-1.amazonaws.com/www.icep.co.za/CVs/1749552684416will%20letter.pdf', 'DPRS20', 'tut-ema', 'Pending', 1),
(261, '224578180', 'Mandisa', 'Nkosi', '224578180@tut4life.ac.za', '0311040701089', '2003-11-04', '0660708239', 'Female', b'1', '13965', 'Stinkwood street', 'Johannesburg ', '1724', 'https://s3.eu-west-1.amazonaws.com/www.icep.co.za/CVs/1749553242760MC%20Nkosi%20Docs.pdf', 'https://s3.eu-west-1.amazonaws.com/www.icep.co.za/CVs/1749553245090MC%20Nkosi%20WIL%20Letter.pdf', 'DPRS20', 'tut-ema', 'Pending', 1),
(262, '22039662', 'Umenelisi', 'Ntsabe', 'untsabe@gmail.com', '0206055441086', '2002-06-05', '0730366226', 'Male', b'1', '289', 'pigeon street', 'sebokeng', '1984', 'https://s3.eu-west-1.amazonaws.com/www.icep.co.za/CVs/1749554468086Resume%20of%20Umenelisi.pdf', 'https://s3.eu-west-1.amazonaws.com/www.icep.co.za/CVs/1749554519705wil%20letter.pdf', 'DPRS20', 'tut-sosh', 'Pending', 1),
(263, '221506138', 'NKGASHA', 'MATLOU', 'nkgashamatlou@gmail.com', '0304125336087', '2003-12-04', '0763824437', 'Male', b'1', 'Corridor H', '3,9 Langa Cres, Zeekoewater 311-Js', 'Emalahleni', '1035', 'https://s3.eu-west-1.amazonaws.com/www.icep.co.za/CVs/1749561964231CV%20-%20Matlou%20Nkgasha.pdf', 'https://s3.eu-west-1.amazonaws.com/www.icep.co.za/CVs/1749561972130Matlou_N_WIL_Letter.pdf', 'DPRS20', 'tut-ema', 'Pending', 1),
(264, '220825272', 'Melusi', 'Ndlovu', 'melusindlovuc5@gmail.com', '0105055901083', '2001-05-05', '0812162711', 'Male', b'1', '1982', 'doornkop ext1 sunrise 1723', 'Soweto', '1758', 'https://s3.eu-west-1.amazonaws.com/www.icep.co.za/CVs/1749573930604CV_2025061016462624.pdf', 'https://s3.eu-west-1.amazonaws.com/www.icep.co.za/CVs/1749574062900WIL%20Letter.pdf', 'DPRS20', 'tut-sosh', 'Pending', 1),
(265, '221163664', 'Lusanda', 'Mabaso', 'lusandampendulo9@gmail.com', '0204116218080', '2002-04-11', '0763821794', 'Male', b'1', '95', 'Bourke', 'Sunnyside', '0002', 'https://s3.eu-west-1.amazonaws.com/www.icep.co.za/CVs/1749210239229LM%20MABASO%20CV.pdf', 'https://s3.eu-west-1.amazonaws.com/www.icep.co.za/CVs/1749210288203LM%20MABASO%20WIL%20LETTER.pdf', 'DPIT20', 'tut-sosh', 'Pending', 1),
(266, '222483123', 'Falakhe', 'Shabangu', '222483123@tut4life.ac.za', '0108076130088', '2001-08-07', '0790909496', 'Male', b'1', '6001', 'SHABANGU BOULEVARD', 'TONGA', '1341', 'https://s3.eu-west-1.amazonaws.com/www.icep.co.za/CVs/1749585481001CF%20Shabangu%20CV-1.pdf', 'https://s3.eu-west-1.amazonaws.com/www.icep.co.za/CVs/1749585663602FC%20Shabangu.pdf', 'DPRS20', 'tut-ema', 'Pending', 1),
(267, '221928148', 'mpumelelo', 'sithole', 'mpumelelosithole03@gmail.com', '0301115357081', '2003-01-11', '0663995558', 'Male', b'1', '1283', 'commercial street', 'booysens', '0082', 'https://s3.eu-west-1.amazonaws.com/www.icep.co.za/CVs/1749592674690Mpumelelo%20Sithole%20resume.pdf', 'https://s3.eu-west-1.amazonaws.com/www.icep.co.za/CVs/1749591999306Recommendation%20Letters%20-%20signed-8.pdf', 'DPIF20', 'tut-sosh', 'Pending', 1),
(268, '221082435', 'Hazel', 'Nkosi', 'lankosihv2230@gmail.com', '0009110767085', '2000-09-11', '0712230967', 'Female', b'1', '359', 'Feb trust ', 'White river ', '1240', 'https://s3.eu-west-1.amazonaws.com/www.icep.co.za/CVs/1749633734585HazelNkosi.pdf', 'https://s3.eu-west-1.amazonaws.com/www.icep.co.za/CVs/1749633812698HV%20NKOSI%20WIL%20LETTER.pdf', 'DPIT20', 'tut-sosh', 'Pending', 1),
(269, '223098576', 'Keamogetswe', 'Nkoana', '223098576@tut4life.ac.za', '0308175272084', '2003-08-17', '067 847 9581', 'Male', b'1', '1271', 'Motshegare Street', 'Ga-Rankuwa, Pretoria', '0208', 'https://s3.eu-west-1.amazonaws.com/www.icep.co.za/CVs/1749639683370NeoNkaoana%20NEW%20CV%202025.pdf', 'https://s3.eu-west-1.amazonaws.com/www.icep.co.za/CVs/1749639702672NK%20NKOANA%20WIL%20LETTER-16042025085113.pdf', 'DPIT20', 'tut-sosh', 'Pending', 1),
(270, '222183570', 'Potoko', 'Marutha', '222183570@tut4life.ac.za', '0104200712081', '2001-04-20', '0724844091', 'Female', b'1', '17', 'bulawayo street', 'polokwane', '0699', 'https://s3.eu-west-1.amazonaws.com/www.icep.co.za/CVs/1749671894150CV.pdf', 'https://s3.eu-west-1.amazonaws.com/www.icep.co.za/CVs/1749671096276WILL%20Letter.pdf', 'DPRS20', 'tut-plk', 'Pending', 1),
(271, '224460910', 'Unathi', 'Mazibuko', 'mazibukounathi824@gmail.com', '0412225100087', '2004-12-22', '0826316098', 'Male', b'1', '128', 'Block A5', 'Malelane', '1341', 'https://s3.eu-west-1.amazonaws.com/www.icep.co.za/CVs/1749673922183UnathiJoy_Mazibuko_CV.pdf', 'https://s3.eu-west-1.amazonaws.com/www.icep.co.za/CVs/1749673988399wil%20letter.pdf', 'DPIT20', 'tut-sosh', 'Pending', 1),
(272, '224424248', 'Zwivhuya', 'Sagida', 'zwivhuya805@gmail.com', '0302150588085', '2003-02-15', '0820578495', 'Female', b'1', '34', 'Tshitomboni', 'Thohoyandou', '0950', 'https://s3.eu-west-1.amazonaws.com/www.icep.co.za/CVs/1749679608765MyCV.pdf', 'https://s3.eu-west-1.amazonaws.com/www.icep.co.za/CVs/1749679707285Wil_Letter.pdf', 'DPRS20', 'tut-sosh', 'Pending', 1),
(273, '220745449', 'Khensani', 'Lebese', 'khensanilebese0@gmail.com', '0111290609084', '2001-11-29', '(072) 381-644', 'Female', b'1', '39', 'Modumela', 'Atteridgeville', '0008', 'https://s3.eu-west-1.amazonaws.com/www.icep.co.za/CVs/1749680993097Khensani-Lebese-CV%20%281%29%20%282%29.pdf', 'https://s3.eu-west-1.amazonaws.com/www.icep.co.za/CVs/1749681011298Khensani-Lebese-CV%20%281%29%20%282%29.pdf', 'DPRS20', 'tut-sosh', 'Pending', 1),
(274, '240367890', 'Selaelo', 'Seima', 'dikeledilb@gmail.com', '0512160627083', '2005-12-16', '0794707102', 'Female', b'1', '6677', 'Morapedi Street', 'Mabopane ', '0190', 'https://s3.eu-west-1.amazonaws.com/www.icep.co.za/CVs/1749707796653CURRICULUM%20VITAE%20up.pdf', 'https://s3.eu-west-1.amazonaws.com/www.icep.co.za/CVs/1749707877511CURRICULUM%20VITAE%20up.pdf', 'DPRS20', 'tut-sosh', 'Pending', 1),
(275, '223442722', 'Hunadi', 'Maredi', 'rebeccamaredi03@gmail.com', '0309020913088', '2003-09-02', '0655440153', 'Female', b'1', '2618', 'Freedom Street', 'Phalaborwa ', '1391', 'https://s3.eu-west-1.amazonaws.com/www.icep.co.za/CVs/1749709953631CV.pdf', 'https://s3.eu-west-1.amazonaws.com/www.icep.co.za/CVs/1749709979572WIL%20Letter.pdf', 'DPRS20', 'tut-plk', 'Pending', 1),
(276, '223838570', 'Ntwanano', 'Mboweni', 'mbowenifreedom49@gmail.com', '0303105320087', '2003-03-10', '0797750251', 'Male', b'1', '32', 'Hosimhlaba ', 'Tembisa ', '1632', 'https://s3.eu-west-1.amazonaws.com/www.icep.co.za/CVs/1749713888379cv%20frdm_merged.pdf', 'https://s3.eu-west-1.amazonaws.com/www.icep.co.za/CVs/1749713871000WIL%20LETTER%20NFM.pdf', 'DPRS20', 'tut-ema', 'Pending', 1),
(277, '230584362', 'Achieve', 'Nakana', 'nakanaachieve@gmail.com', '060 579 4209 ', '2004-07-08', '0605794209', 'Male', b'1', '6862', 'Rekgonne ', 'Soshanguve ', '0152', 'https://s3.eu-west-1.amazonaws.com/www.icep.co.za/CVs/1749723315298Nakana%20Achieve%27s%20CV%20.pdf', 'https://s3.eu-west-1.amazonaws.com/www.icep.co.za/CVs/1749723269124WIL%20Letter%20.pdf', 'DPIT20', 'tut-sosh', 'Pending', NULL),
(278, '220430715', 'Twisisani', 'Khosa', 'twisisanik@gmail.com', '0110135533088', '2001-10-13', '078 793 7018', 'Male', b'1', '297', 'phaphazela, main rd', 'Malamulele', '0982', 'https://s3.eu-west-1.amazonaws.com/www.icep.co.za/CVs/1749736662997TWISISANI%20HOWEL%20KHOSA%20CV.pdf', 'https://s3.eu-west-1.amazonaws.com/www.icep.co.za/CVs/1749736675968WIL%20Letter.pdf', 'DPRS20', 'tut-sosh', 'Pending', NULL),
(279, '221969200', 'LIBERTY', 'CHAUKE', '221969200@tut4life.ac.za', '0210205761088', '2002-10-20', '0638045803', 'Male', b'1', '2749', 'Aubrey Matlakala', 'Soshanguve', '0152', 'https://s3.eu-west-1.amazonaws.com/www.icep.co.za/CVs/1749741305107Updated%20Liberty_Chauke_CV_v2%20-.pdf', 'https://s3.eu-west-1.amazonaws.com/www.icep.co.za/CVs/1749741318166LE%20CHAUKE%20WIL%20Recommendation%20letter%20from%20institution.pdf', 'DPRS20', 'tut-sosh', 'Pending', NULL),
(280, '224256108', 'Farai', 'Mwenje', 'farai.m.mwenje@gmail.com', 'FN292339', '2003-07-24', '0603971548', 'Male', b'1', '13', 'Lee Rd ', 'Randburg ', '2195', 'https://s3.eu-west-1.amazonaws.com/www.icep.co.za/CVs/1749746117368Farai%20Mwenje%20CV%20%20.pdf', 'https://s3.eu-west-1.amazonaws.com/www.icep.co.za/CVs/1749746187971Tshwane%20University.pdf', 'DPRS20', 'tut-sosh', 'Pending', NULL),
(281, '231444416', 'Marie', 'Botende', '231444416@tut4life.ac.za', 'OP0743742', '2002-04-20', '0692354506', 'Female', b'1', '505', 'Madiba', 'Pretoria ', '0002', 'https://s3.eu-west-1.amazonaws.com/www.icep.co.za/CVs/1749748100503Botende_MarieMichele_CV_Final%20%281%29.pdf', 'https://s3.eu-west-1.amazonaws.com/www.icep.co.za/CVs/1749748118358M%20Botende%20-%20signed.pdf', 'DPRS20', 'tut-sosh', 'Pending', NULL),
(282, '230100519', 'Lisa', 'Bashizi', '230100519@tut4life.ac.za', 'OP0977530', '2003-08-01', '0813347422', 'Female', b'1', '453', 'Leyds street ', 'Pretoria ', '002', 'https://s3.eu-west-1.amazonaws.com/www.icep.co.za/CVs/1749749808496Lisa_CV.pdf', 'https://s3.eu-west-1.amazonaws.com/www.icep.co.za/CVs/1749750153621PreWIL%20recommendation%20letter%20-%20N%20Bashizi.pdf', 'DPRS20', 'tut-sosh', 'Pending', NULL),
(283, '220796167', 'Hluleko', 'Hobyani', 'hluleko.hobyani@gmail.com', '0209241316089', '2002-09-24', '0693823103', 'Female', b'1', 'Sosh 1 m1 ', 'Aubrey matlala ', 'Soshanguve ', '0152', 'https://s3.eu-west-1.amazonaws.com/www.icep.co.za/CVs/1749752387690hluli.cv.pdf', 'https://s3.eu-west-1.amazonaws.com/www.icep.co.za/CVs/1749752487947wil.pdf', 'DPRS20', 'tut-sosh', 'Pending', NULL),
(284, '221691474', 'Kgahlego', 'Mahlangu', 'kgahlegomahlangu@gmail.com', '0212190199084', '2002-12-19', '0797442065', 'Female', b'1', '31', 'Eagle\'s Nest(Woodlands Estate)', 'Polokwane', '0699', 'https://s3.eu-west-1.amazonaws.com/www.icep.co.za/CVs/1749767000339KGAHLEGO%20MMAKOLOI%20MAHLANGU%20CV%20%28POLOKWANE%29.pdf', 'https://s3.eu-west-1.amazonaws.com/www.icep.co.za/CVs/1749767071916WIL%20Letter.pdf', 'DPRS20', 'tut-plk', 'Pending', NULL),
(285, '220066100', 'Lindiwe', 'Skosana', 'lindiwejuliet68@gmail.com', '0206100670085', '2002-06-10', '0655968720', 'Female', b'1', '', '346 Weir Street', 'Pretoria West', '0082', 'https://s3.eu-west-1.amazonaws.com/www.icep.co.za/CVs/1749794179723Lindiwe%C3%A2%C2%80%C2%99s%20CV%202.pdf', 'https://s3.eu-west-1.amazonaws.com/www.icep.co.za/CVs/1749793804422Student%20recommendation%20letters%20-%20signed-20.pdf', 'DPIF20', 'tut-sosh', 'Pending', NULL),
(286, '231345710', 'Yandiswa', 'Khoza', 'mondli46401@gmail.com', '0307275731080', '2003-07-27', '0781775837', 'Male', b'1', 'N/A', 'Loskop', 'Estcourt', '3310', 'https://s3.eu-west-1.amazonaws.com/www.icep.co.za/CVs/1749801720755Mondli%20Khoza%20CV.pdf', 'https://s3.eu-west-1.amazonaws.com/www.icep.co.za/CVs/1749801743539YM%20Khoza%20WIL%20Letter%20.pdf', 'DPRS20', 'tut-plk', 'Pending', NULL),
(287, '221286626', 'Leago', 'Shalang', 'shalangcharmain@gmail.com', '0210270639086', '2002-10-27', '0646258512', 'Female', b'1', '140', '2 mhiri street', 'Pretoria west', '0008', 'https://s3.eu-west-1.amazonaws.com/www.icep.co.za/CVs/1749808454550Leago%20shalang_20250612_220728_0000.pdf', 'https://s3.eu-west-1.amazonaws.com/www.icep.co.za/CVs/1749808478035PRE%20WIL%20LETTER.pdf', 'DPRS20', 'tut-sosh', 'Pending', NULL),
(288, '223493769', 'Luyanda', 'Ndlovu', '223493769@tut4life.ac.za', '0208280739086', '2002-08-28', '0649973108', 'Female', b'1', '27', 'Troye street ', 'Sunnyside ', '0001', 'https://s3.eu-west-1.amazonaws.com/www.icep.co.za/CVs/1749817865656cv-luyanda-ndlovu-pdf.pdf', 'https://s3.eu-west-1.amazonaws.com/www.icep.co.za/CVs/1749817912608L%20Ndlovu%20-%20signed.pdf', 'DPRS20', 'tut-sosh', 'Pending', NULL),
(289, '220366510', 'Siphokuhle', 'Komeni', '220366510@tut4life.ac.za', '0105035480083', '2001-05-03', '0659258566', 'Male', b'1', '346', 'Weir Street ', 'Pretoria Gardens ', '0082', 'https://s3.eu-west-1.amazonaws.com/www.icep.co.za/CVs/1749824183360Siphokuhle%20Komeni%20CV.pdf', 'https://s3.eu-west-1.amazonaws.com/www.icep.co.za/CVs/1749824198425kuhle%C3%A2%C2%80%C2%99s%20Pre-WIL.pdf', 'DPRS20', 'tut-sosh', 'Pending', NULL),
(290, '222552826', 'Rhulane', 'BALOYI', '222552826@tut4life.ac.za', '0206225813081', '2002-06-22', '0632765181', 'Male', b'1', '76', 'Maxwell', 'KEMPTON PARK', '1619', 'https://s3.eu-west-1.amazonaws.com/www.icep.co.za/CVs/1749824555746Rhulane%27s-resume.pdf', 'https://s3.eu-west-1.amazonaws.com/www.icep.co.za/CVs/1749824659663Rhulane%C3%A2%C2%80%C2%99s%20Pre-WIL.pdf', 'DPRS20', 'tut-sosh', 'Pending', NULL),
(291, '223104002', 'Karabo', 'Mogano', 'karabomogano27@gmail.com', '0406050513083', '2004-06-05', '0606058857', 'Female', b'1', '130', 'Tsolo', 'Katlehong', '0134', 'https://s3.eu-west-1.amazonaws.com/www.icep.co.za/CVs/1749828846145KARABO%20MOGANO%20CURRICULUM%20VITAE.pdf', 'https://s3.eu-west-1.amazonaws.com/www.icep.co.za/CVs/1749828863184prewil.pdf', 'DPRS20', 'tut-sosh', 'Pending', NULL),
(292, '230425787', 'Bokang', 'Matuludi', 'bokangmatuludi08@gmail.com', '0412226281084', '2004-12-22', '0780034201', 'Male', b'1', '125', 'Liberty ', 'Moteti', '0477', 'https://s3.eu-west-1.amazonaws.com/www.icep.co.za/CVs/1749834512757_Bokang%20Seswai%20Matuludi%20%28CV%29.pdf', 'https://s3.eu-west-1.amazonaws.com/www.icep.co.za/CVs/1749834517528LetterFromInstitution%28forWIL%29_Matuludi_BS.pdf', 'DPRS20', 'tut-sosh', 'Pending', NULL),
(293, '222862620', 'Ntsentselelo', 'Mashimbye', '222862620@tut4life.ac.za', '0211105709086', '2000-01-01', '0730638120', 'Male', b'1', '339', 'Ben viljoen ', 'Pretoria North ', '0182', 'https://s3.eu-west-1.amazonaws.com/www.icep.co.za/CVs/1749836718413Mashimbye%20222862620.pdf', 'https://s3.eu-west-1.amazonaws.com/www.icep.co.za/CVs/1749836730031Mashimbye%20N%20Recommendation%20letters%20-%20signed-5.pdf', 'DPIF20', 'tut-sosh', 'Pending', NULL),
(294, '222789451', 'Phethego', 'Maebela', 'maebelazanele@gmail.com', '0205140477089', '2002-05-14', '0646364519', 'Female', b'1', '11598', 'Seleka', 'Daveyton ', '1520', 'https://s3.eu-west-1.amazonaws.com/www.icep.co.za/CVs/1749842855522MyResume.pdf', 'https://s3.eu-west-1.amazonaws.com/www.icep.co.za/CVs/1749842868606PZ%20MAEBELA%20WIL%20LETTER.pdf', 'DPIT20', 'tut-sosh', 'Pending', NULL),
(295, '221695615', 'Mapaseka', 'Ramokgotsoa', 'rosemapaseka2@gmai.com', '0212250828085', '2002-12-25', '0814400259', 'Female', b'1', '10059', 'Scheiding Street', 'Polokwane', '0749', 'https://s3.eu-west-1.amazonaws.com/www.icep.co.za/CVs/1749855929658Ramokgotso%20Mapaseka%20CV-icep.pdf', 'https://s3.eu-west-1.amazonaws.com/www.icep.co.za/CVs/1749855961513Industry%20Exposure%20Letter%20.pdf', 'DPRS20', 'tut-plk', 'Pending', NULL),
(296, '220526151', 'Sizwe', 'Nkuna', 'Sizwenkuna5@gmail.com', '0009265439084', '2000-09-26', '0693780681', 'Male', b'1', '208', 'Celliers', 'Pretoria', '012', 'https://s3.eu-west-1.amazonaws.com/www.icep.co.za/CVs/1749861979080SH%20Nkuna-c.pdf', 'https://s3.eu-west-1.amazonaws.com/www.icep.co.za/CVs/1749861992279Nkuna%20SH%20Student%20recommendation%20letters%20-%20signed-1.pdf', 'DPIF20', 'tut-sosh', 'Pending', NULL),
(297, '222841577', 'Refihlile', 'Ndou', 'fihlindou@gmail.com', '0210101517089', '2002-10-10', '0813029091', 'Female', b'1', 'Student Re', 'Aubrey Matlala', 'Soshanguve', '0152', 'https://s3.eu-west-1.amazonaws.com/www.icep.co.za/CVs/1749882230285Refihlile%20Ndou_Resume2.pdf', 'https://s3.eu-west-1.amazonaws.com/www.icep.co.za/CVs/1749882259646WIL%20Letter.pdf', 'DPRS20', 'tut-sosh', 'Pending', NULL),
(298, '221314727', 'Nzuzo', 'Khanyile', 'khanyilenzuzo42@gmail.com', '0211285137082', '2002-11-28', '0613117987', 'Male', b'1', '553', 'Sytze Wierda Avenue', 'Pretoria West', '0029', 'https://s3.eu-west-1.amazonaws.com/www.icep.co.za/CVs/1749907179235NzuzoAKhanyileCV_merged_SupportingDocs.pdf', 'https://s3.eu-west-1.amazonaws.com/www.icep.co.za/CVs/1749907220638Students%20recommendation%20letters%20-%20signed-3.pdf', 'DPIF20', 'tut-sosh', 'Pending', NULL),
(299, '224688350', 'Samkelo', 'Mavuso', '224688350@tut4life.ac.za', '0401235990082', '2004-01-23', '0762147365', 'Male', b'1', '129', 'Steve Biko Road', 'Sunnyside', '0002', 'https://s3.eu-west-1.amazonaws.com/www.icep.co.za/CVs/1749914602484Samkelo%20Mavuso%20CV.pdf', 'https://s3.eu-west-1.amazonaws.com/www.icep.co.za/CVs/1749914776384Pre-WIL.pdf', 'DPRS20', 'tut-sosh', 'Pending', NULL),
(300, '230932026', 'Thembeka', 'Msimanga', 'thembekayvonne140704@gmail.com', '040714210086', '2004-07-14', '0829587578', 'Female', b'1', '49', 'Namen Street', 'Pretoria West', '0183', 'https://s3.eu-west-1.amazonaws.com/www.icep.co.za/CVs/1749935357426CV_Thembeka_Msimanga.pdf', 'https://s3.eu-west-1.amazonaws.com/www.icep.co.za/CVs/1749923956433Pre-WIL.pdf', 'DPRS20', 'tut-sosh', 'Pending', NULL),
(301, '222866065', 'Thulane', 'Masilela', 'thulanemasilela8@gmail.com', '0002076443080', '2000-02-07', '0660557877', 'Male', b'1', '1086', 'TOKOLOGO', 'MIDDELBURG', '1055', 'https://s3.eu-west-1.amazonaws.com/www.icep.co.za/CVs/1749954037423CV%20-%20Thulane%20LATEST%202025.pdf', 'https://s3.eu-west-1.amazonaws.com/www.icep.co.za/CVs/1749954066848Thulane%20Masilela%C3%82%C2%A0%28WIL%20Letter%29.pdf', 'DPRS20', 'tut-sosh', 'Pending', NULL),
(302, '223570984', 'Nakedi', 'Peta', 'makgwatatumelo46@gmail.com', '0310235053082', '2003-10-23', '0633111040', 'Male', b'1', '8358', 'Moratiwa street', 'Centurion', '0186', 'https://s3.eu-west-1.amazonaws.com/www.icep.co.za/CVs/1749977154153My%20resume.pdf', 'https://s3.eu-west-1.amazonaws.com/www.icep.co.za/CVs/1749977169607223570984_WIL%20LETTER.pdf', 'DPRS20', 'tut-sosh', 'Pending', NULL),
(303, '221525515', 'Matshwene', 'Boloka', 'promlyboloka@gmail.com', '0109020124086', '2001-09-02', '0670301031', 'Female', b'1', '3852', 'Mmutle', 'Soweto', '1863', 'https://s3.eu-west-1.amazonaws.com/www.icep.co.za/CVs/1749978313794Matshwene%20Promise%20Boloka.pdf', 'https://s3.eu-west-1.amazonaws.com/www.icep.co.za/CVs/1749978331513Boloka%C3%A2%C2%80%C2%99s%20Pre-WIL.pdf', 'DPRS20', 'tut-sosh', 'Pending', NULL),
(304, '223666205', 'Phuti', 'Dibete', '223666205@tut4life.ac.za', '04041260585087', '2004-04-12', '0827369864', 'Male', b'1', 'shaka resi', 'Central street', 'Soshanguve', '0164', 'https://s3.eu-west-1.amazonaws.com/www.icep.co.za/CVs/1749982191520CV.pdf', 'https://s3.eu-west-1.amazonaws.com/www.icep.co.za/CVs/1749982206257WIL%20letter.pdf', 'DPRS20', 'tut-sosh', 'Pending', NULL),
(305, '222698332', 'Prince', 'Booi', 'booiprince0@gmail.com', '00011254083', '2023-12-01', '0638238293', 'Male', b'1', '48', 'Tamboti Circle', 'Midrand', '1687', 'https://s3.eu-west-1.amazonaws.com/www.icep.co.za/CVs/1749987603161Curriculum%20Vitae%20of%20Prince%20Booi.pdf', 'https://s3.eu-west-1.amazonaws.com/www.icep.co.za/CVs/1749987617140WIL-Recomendation%20Letter.pdf', 'DPRS20', 'tut-sosh', 'Pending', NULL),
(306, '221862104', 'Ofentse', 'Moshwaneng', 'djmsima@outlook.com', '0310295659083', '2003-10-29', '0712977758', 'Male', b'1', '291', '291 general bayers street', 'Pretoria North ', '0182', 'https://s3.eu-west-1.amazonaws.com/www.icep.co.za/CVs/1749989319973ofentse%20cv.pdf', 'https://s3.eu-west-1.amazonaws.com/www.icep.co.za/CVs/1749989337211My%20preWiL.pdf', 'DPRS20', 'tut-sosh', 'Pending', NULL),
(307, '221261402', 'Kgothatso', 'Mashaba', '221261402@tut4life.ac.za', '0303275613089', '2003-03-27', '0829319553', 'Male', b'1', '14329 ext1', 'Pato street', 'Soshanguve south', '0152', 'https://s3.eu-west-1.amazonaws.com/www.icep.co.za/CVs/1749989816437Kgothatso%20CV3.pdf', 'https://s3.eu-west-1.amazonaws.com/www.icep.co.za/CVs/1749989834995%20Pre%20wil.pdf', 'DPRS20', 'tut-sosh', 'Pending', NULL),
(308, '220722007', 'Clinton', 'Mashaba', '220722007@tut4life.ac.za', '0109296028086', '2001-09-29', '0681924404', 'Male', b'1', 'shaka', 'central street', 'Soshanguve VV', '0164', 'https://s3.eu-west-1.amazonaws.com/www.icep.co.za/CVs/17499972223552207_Resume.pdf', 'https://s3.eu-west-1.amazonaws.com/www.icep.co.za/CVs/1749997277581C%20Mashaba%20-%20signed.pdf', 'DPRS20', 'tut-sosh', 'Pending', NULL),
(309, '221741676', 'Phillipine', 'Motsepa', 'phillipinetumi@gmail.com', '0204010320081', '2002-04-01', '0818220580', 'Female', b'1', '386', 'Mohodi Ga-manthata Fatima', 'Dendron', '0715', 'https://s3.eu-west-1.amazonaws.com/www.icep.co.za/CVs/1750013213543PHILLIPINE%20MOTSEPA%20CV.pdf', 'https://s3.eu-west-1.amazonaws.com/www.icep.co.za/CVs/1750013432583wil%20letter.pdf', 'DPRS20', 'tut-plk', 'Pending', NULL),
(310, '231625712', 'phumudzo', 'munyai', '231625712@tut4life.ac.za', '04126218084', '2004-12-18', '0796378575', 'Male', b'1', '43', 'seshego', 'Polokwane', '0900', 'https://s3.eu-west-1.amazonaws.com/www.icep.co.za/CVs/1750016616004CURRICULUM%20VITAE%20OF%20MUNYAI%20PHUMUDZO.pdf', 'https://s3.eu-west-1.amazonaws.com/www.icep.co.za/CVs/1750016653142munyai%20phumudzo%20wil%20letter.pdf', 'DPRS20', 'tut-plk', 'Pending', NULL),
(311, '221899229', 'Pretty', 'Rikhotso', 'prettyrikhotso85@gmail.com', '0211220470085', '2002-11-22', '0836888683', 'Female', b'1', '6670', 'Taboga Crescent', 'Soshanguve', '0152', 'https://s3.eu-west-1.amazonaws.com/www.icep.co.za/CVs/1750022909221PrettyCV.pdf', 'https://s3.eu-west-1.amazonaws.com/www.icep.co.za/CVs/1750022957167PreWIL%20recommendation%20letter%20-%20Rikhotso.pdf', 'DPRS20', 'tut-sosh', 'Pending', NULL),
(312, '222879973', 'Success', 'Mashabela', 'katlegosuccess665@gmail.com', '0211215546089', '2002-11-21', '0686530030', 'Male', b'1', '291', 'General bayers', 'Pretoria north', '0182', 'https://s3.eu-west-1.amazonaws.com/www.icep.co.za/CVs/1750059053728Success_Mashabela_CV.pdf', 'https://s3.eu-west-1.amazonaws.com/www.icep.co.za/CVs/1750059068337Letter.pdf', 'DPRS20', 'tut-sosh', 'Pending', NULL),
(313, '221755693', 'Motea', 'Magoro', '221755693@tut4life.ac.za', '0208210512082', '2002-08-21', '0607920025', 'Female', b'1', '7185', 'zone 2 Winnie Mandela', 'Tembisa', '1632', 'https://s3.eu-west-1.amazonaws.com/www.icep.co.za/CVs/1750062861285Motea%20Magoro%27s%20CV.pdf', 'https://s3.eu-west-1.amazonaws.com/www.icep.co.za/CVs/1750063373701Magoro%20Generic%20recommendation%20letters%20-%20signed-2.pdf', 'DPIF20', 'tut-sosh', 'Pending', NULL),
(314, '222903220', 'Nonhle', 'Vilakazi', 'nonhlevilakazi02@gmail.com', '0209191254082', '2002-09-19', '0764691479', 'Female', b'1', '2183', 'Aubrey Matlala', 'Soshanguve', '0152', 'https://s3.eu-west-1.amazonaws.com/www.icep.co.za/CVs/1750068471158Nonhle%27s%20CV.pdf', 'https://s3.eu-west-1.amazonaws.com/www.icep.co.za/CVs/1750068513977N.A%20Vilakazi%20Doc...pdf', 'DPRS20', 'tut-sosh', 'Pending', NULL),
(315, '224883773', 'Tshepo', 'Mpofu', 'mpofuglen23@gmail.com', '0403235252083', '2004-03-23', '0657152241', 'Male', b'1', '1610', 'Ponte City', 'Johannesburg', '2001', 'https://s3.eu-west-1.amazonaws.com/www.icep.co.za/CVs/1750069593965Tshepo%20%2812%29.pdf', 'https://s3.eu-west-1.amazonaws.com/www.icep.co.za/CVs/1750069085357willetter.pdf', 'DPRS20', 'tut-plk', 'Pending', NULL),
(316, '223131921', 'Nomfundo', 'Nkosi', 'nonfundonkosi1@gmail.com', '0403291393086', '2004-03-29', '0794125884', 'Female', b'1', '10113', 'Eshowe street ', 'Katlehong', '1488', 'https://s3.eu-west-1.amazonaws.com/www.icep.co.za/CVs/1750071136042CV.pdf', 'https://s3.eu-west-1.amazonaws.com/www.icep.co.za/CVs/1750071154956preWIL.pdf', 'DPRS20', 'tut-sosh', 'Pending', NULL),
(317, '232243325', 'Celumusa', 'Buthelezi', '232243325@tut4life.ac.za', '0309091467089', '2003-09-09', '0783159716', 'Female', b'1', '12556', 'Ukufuna Street', 'Palmridge', '1431', 'https://s3.eu-west-1.amazonaws.com/www.icep.co.za/CVs/1750079788663CELUMUSA%20BUTHELEZI%20updated%20CV11.pdf', 'https://s3.eu-west-1.amazonaws.com/www.icep.co.za/CVs/1750079809860Celumusa%20PreWIL%20Letter.pdf', 'DPRS20', 'tut-sosh', 'Pending', NULL),
(318, '231031090', 'Malesela', 'Mokala', 'maleselarafapa0@gmail.com', '0303035707080', '2003-03-03', '0603228743', 'Male', b'1', '40617', 'Kekana', 'Mokopane', '0600', 'https://s3.eu-west-1.amazonaws.com/www.icep.co.za/CVs/1750137990796CV.PDF', 'https://s3.eu-west-1.amazonaws.com/www.icep.co.za/CVs/1750138003994Wil%20letter.pdf', 'DPRS20', 'tut-plk', 'Pending', NULL),
(319, '221394836', 'Ayanda', 'Kgare', 'mokgadiayanda552@gmail.com', '0307280114082', '2003-07-28', '0607295200', 'Female', b'1', '579 Desmon', '', 'Polokwane ', '0790', 'https://s3.eu-west-1.amazonaws.com/www.icep.co.za/CVs/1750141797646CURRICULUM%20VITAE%20OF%20KGARE%20MOKGADI%20AYANDA.pdf', 'https://s3.eu-west-1.amazonaws.com/www.icep.co.za/CVs/1750141821344MA%20KGARE%20WIL%20LETTER.pdf', 'DPIT20', 'tut-sosh', 'Pending', NULL),
(320, '220361020', 'Nkateko', 'Maswanganyi', '220361020@tut4life.ac.za', '0112061263086', '2001-12-06', '0734573873', 'Female', b'1', 'Khayalethu', 'Mandela and Diederiks Streets', 'Witbank', '1034', 'https://s3.eu-west-1.amazonaws.com/www.icep.co.za/CVs/1750142076540CV.pdf', 'https://s3.eu-west-1.amazonaws.com/www.icep.co.za/CVs/1750141793466WIL_Letter.pdf', 'DPRS20', 'tut-ema', 'Pending', NULL),
(321, '220335216', 'Nhlalala', 'Maluleke', 'Nhlalalaguyu@gmail.com', '0203225667088', '2002-03-22', '0769264498', 'Male', b'1', '59', 'seringlaan', 'Giyano', '0826', 'https://s3.eu-west-1.amazonaws.com/www.icep.co.za/CVs/1750143661589CV_202408011423327.pdf', 'https://s3.eu-west-1.amazonaws.com/www.icep.co.za/CVs/1750143669805Students%20generic%20recommendations%20letters%20-%20signed-3.pdf', 'DPIF20', 'tut-sosh', 'Pending', NULL),
(322, '222675154', 'Mduduzi', 'Ngobe', '222675154@tut4life.ac.za', '0305305687082', '2003-05-30', '0712912516', 'Male', b'1', '7136', 'Block Mokone', 'Hammanskraal', '0400', 'https://s3.eu-west-1.amazonaws.com/www.icep.co.za/CVs/1750151292203MduduziNgobe_CV.pdf', 'https://s3.eu-west-1.amazonaws.com/www.icep.co.za/CVs/1750151318640M_NGOBE_WIL_LETTER.pdf', 'DPIT20', 'tut-sosh', 'Pending', NULL),
(323, '230696128', 'Solomon', 'Segogoba', 'sollysegogoba@gmail.com', '0407115727080', '2004-07-11', '0663562272', 'Male', b'1', 'A2149', 'R573', 'Siyabuswa', '0472', 'https://s3.eu-west-1.amazonaws.com/www.icep.co.za/CVs/1750151302549Minimalist%20White%20and%20Grey%20Professional%20Resume.pdf', 'https://s3.eu-west-1.amazonaws.com/www.icep.co.za/CVs/1750151279843WIL%20Letter.pdf', 'DPRS20', 'tut-plk', 'Pending', NULL),
(324, '224118090', 'Sihle', 'Mathole', 'byronmathole@gmail.com', '0102065984084', '2001-02-06', '0818966552', 'Male', b'1', '21', 'Sadie Road', 'Roodepoort', '1724', 'https://s3.eu-west-1.amazonaws.com/www.icep.co.za/CVs/1750153751380Sihle_Mathole_CV.pdf', 'https://s3.eu-west-1.amazonaws.com/www.icep.co.za/CVs/1750153789199Pre-WIL_Letter.pdf', 'DPRS20', 'tut-sosh', 'Pending', NULL),
(325, '222898560', 'Lisakhanya', 'Dyosi', '222898560@tut4life.ac.za', '0305250426080', '2003-05-25', '0718508687', 'Female', b'1', '77015', 'Zinto Street', 'Cape Town', '7784', 'https://s3.eu-west-1.amazonaws.com/www.icep.co.za/CVs/1750154036649LISAKHANYA%20DYOSI%20CV.pdf.pdf', 'https://s3.eu-west-1.amazonaws.com/www.icep.co.za/CVs/1750154025828L%20Dyosi%20-%20signed.pdf', 'DPRS20', 'tut-sosh', 'Pending', NULL),
(326, '230747598', 'Siyamthanda', 'Khumalo', 'siyamthanda11khumalo@gmail.com', '0505116220086', '2005-05-11', '0685387695', 'Male', b'1', '6364', 'Phelandaba', 'Standerton', '2430', 'https://s3.eu-west-1.amazonaws.com/www.icep.co.za/CVs/1750156199795Siyamthanda%20Khumalo.pdf', 'https://s3.eu-west-1.amazonaws.com/www.icep.co.za/CVs/1750156193297PRE-WIL.pdf', 'DPRS20', 'tut-sosh', 'Pending', NULL),
(327, '242497490', 'kanda', 'Tshinu', 'Kandapatrick19@gmail.com', 'OP1184271', '1990-08-19', '0815397183', 'Male', b'1', '14', 'Mogg', 'Glenvistia', '2091', 'https://s3.eu-west-1.amazonaws.com/www.icep.co.za/CVs/1750159843256cv%20%282%29.pdf', 'https://s3.eu-west-1.amazonaws.com/www.icep.co.za/CVs/1750159954277motivationuni.pdf', 'DPRS20', 'tut-sosh', 'Pending', NULL),
(328, '220571556', 'khomotjo', 'modiba', 'khomotjojohannah@gmail.com', '0203250492089', '2002-03-25', '063730946', 'Female', b'1', '501', 'Rachel de Beer Street', 'Pretoria', '0182', 'https://s3.eu-west-1.amazonaws.com/www.icep.co.za/CVs/1750160617449CV%20Modiba%20Khomotjo.pdf', 'https://s3.eu-west-1.amazonaws.com/www.icep.co.za/CVs/1750160637495Pre%20WIL.pdf', 'DPRS20', 'tut-sosh', 'Pending', NULL),
(329, '219925662', 'ITUMELENG', 'KOBOLA', 'kobolaitumeleng@gmail.com', '9812160330089', '1998-12-16', '0789874059', 'Female', b'1', '56', 'railway street', 'polokwane', '0699', 'https://s3.eu-west-1.amazonaws.com/www.icep.co.za/CVs/1750162604512kobolaim_cv%20%281%29.pdf', 'https://s3.eu-west-1.amazonaws.com/www.icep.co.za/CVs/1750162585271WIL%20Letter.pdf', 'DPRS20', 'tut-plk', 'Pending', NULL),
(330, '220162664', 'SAMUEL', 'Nkabinde', 'sammanqoba56@gmail.com', '0203155445083', '2002-03-15', '0713770633', 'Male', b'1', '4236', 'NDLOVU STREET EXT1', 'BRONKHORSPRUIT', '1024', 'https://s3.eu-west-1.amazonaws.com/www.icep.co.za/CVs/1750168317375SAMUEL_NKABINDE_RESUME_2024.pdf', 'https://s3.eu-west-1.amazonaws.com/www.icep.co.za/CVs/1750168352990Students%20recommendation%20letters%20-%20signed-14%20%281%29.pdf', 'DPIF20', 'tut-sosh', 'Pending', NULL),
(331, '219835566', 'Thobane', 'Sithole', '219835566@tut4life.ac.za', '0002116118080', '2000-02-11', '0630474611', 'Male', b'1', '52 ', 'Block 3 Doornkop', 'Thulani Roodepoort ', '0173', 'https://s3.eu-west-1.amazonaws.com/www.icep.co.za/CVs/1750172047586Thobane%20Sithole%202025%20CV.pdf', 'https://s3.eu-west-1.amazonaws.com/www.icep.co.za/CVs/1750172068808WIL%20LETTER.pdf', 'DPRS20', 'tut-sosh', 'Pending', NULL),
(332, '.230696128', 'Solomon', 'Segogoba', 'sollysegogoba@gmail.com', '0407115727080', '2004-07-11', '+27663562272', 'Male', b'1', 'A10221', 'R573', 'Siyabuswa', '0472', 'https://s3.eu-west-1.amazonaws.com/www.icep.co.za/CVs/1750178464203Solomon%20Segogoba.pdf', 'https://s3.eu-west-1.amazonaws.com/www.icep.co.za/CVs/1750178488317WIL%20Letter.pdf', 'DPRS20', 'tut-plk', 'Pending', NULL);

--
-- Indexes for dumped tables
--

--
-- Indexes for table `campus`
--
ALTER TABLE `campus`
  ADD PRIMARY KEY (`campus_id`);

--
-- Indexes for table `course`
--
ALTER TABLE `course`
  ADD PRIMARY KEY (`course_id`);

--
-- Indexes for table `post`
--
ALTER TABLE `post`
  ADD PRIMARY KEY (`post_id`);

--
-- Indexes for table `student`
--
ALTER TABLE `student`
  ADD PRIMARY KEY (`id`),
  ADD KEY `course_id` (`course_id`),
  ADD KEY `campus_id` (`campus_id`),
  ADD KEY `post_student` (`post_id`);

--
-- AUTO_INCREMENT for dumped tables
--

--
-- AUTO_INCREMENT for table `post`
--
ALTER TABLE `post`
  MODIFY `post_id` int NOT NULL AUTO_INCREMENT, AUTO_INCREMENT=2;
--
-- AUTO_INCREMENT for table `student`
--
ALTER TABLE `student`
  MODIFY `id` int NOT NULL AUTO_INCREMENT, AUTO_INCREMENT=333;
--
-- Constraints for dumped tables
--

--
-- Constraints for table `student`
--
ALTER TABLE `student`
  ADD CONSTRAINT `post_student` FOREIGN KEY (`post_id`) REFERENCES `post` (`post_id`) ON DELETE CASCADE ON UPDATE CASCADE;
COMMIT;

/*!40101 SET CHARACTER_SET_CLIENT=@OLD_CHARACTER_SET_CLIENT */;
/*!40101 SET CHARACTER_SET_RESULTS=@OLD_CHARACTER_SET_RESULTS */;
/*!40101 SET COLLATION_CONNECTION=@OLD_COLLATION_CONNECTION */;
